time_s,lift_m,vel_m_s
0.002,0.04499609047970479,-0.0019547601476014773
0.004,0.04498902007005027,-0.0035352048272614114
0.006,0.04497940321772301,-0.004808426163629814
0.008,0.044967744123945004,-0.005829546889002019
0.01,0.04495445641399316,-0.006643854975919841
0.012,0.04493987929881903,-0.007288557587067602
0.014,0.04492429085435518,-0.007794222231921172
0.016,0.04490791893253024,-0.008185960912470553
0.018000000000000002,0.044890950126345565,-0.008484403092338052
0.020000000000000004,0.04487353713604616,-0.008706495149702162
0.022000000000000006,0.044855804821529704,-0.008866157258228554
0.024000000000000007,0.04483785517528622,-0.008974823121743074
0.02600000000000001,0.044819771408378103,-0.009041883454056321
0.02800000000000001,0.04480162130763879,-0.009075050369658109
0.030000000000000013,0.044783459994059326,-0.009080656789733535
0.032000000000000015,0.044765332189154086,-0.009063902452620117
0.034000000000000016,0.04474727407705195,-0.009029056051067828
0.03600000000000002,0.044729314834410984,-0.008979621320482998
0.03800000000000002,0.044711477887396975,-0.008918473507003907
0.04000000000000002,0.044693781944401455,-0.008847971497760124
0.04200000000000002,0.04467624184449419,-0.008770049953633894
0.044000000000000025,0.04465886925447257,-0.008686295010806668
0.04600000000000003,0.04464167324150982,-0.0085980064813767
0.04800000000000003,0.044624660743588306,-0.008506248960758207
0.05000000000000003,0.04460783695594792,-0.008411893820190648
0.05200000000000003,0.044591205648528164,-0.008315653709879448
0.054000000000000034,0.04457476942671136,-0.008218110908400338
0.056000000000000036,0.04455852994547974,-0.008119740615807941
0.05800000000000004,0.044542488085295394,-0.008020930092175976
0.06000000000000004,0.04452664409653042,-0.007921994382485807
0.06200000000000004,0.044510997718057124,-0.00782318923664786
0.06400000000000004,0.04449554827460738,-0.0077247217248721635
0.06600000000000004,0.04448029475668858,-0.007626758959397316
0.06800000000000005,0.044465235886168006,-0.0075294352602897335
0.07000000000000005,0.04445037017008241,-0.007432858042798375
0.07200000000000005,0.04443569594477388,-0.007337112654264592
0.07400000000000005,0.04442121141207803,-0.007242266347926159
0.07600000000000005,0.04440691466898294,-0.007148371547545013
0.07800000000000006,0.044392803731924266,-0.007055468529337035
0.08000000000000006,0.04437887655667401,-0.006963587625126515
0.08200000000000006,0.044365131054609784,-0.0068727510321145505
0.08400000000000006,0.04435156510601094,-0.006782974299422756
0.08600000000000006,0.04433817657091282,-0.006694267549061135
0.08800000000000006,0.04432496329795544,-0.006606636478688064
0.09000000000000007,0.044311923131585274,-0.006520083185082843
0.09200000000000007,0.04429905391790465,-0.006434606840310276
0.09400000000000007,0.044286353509410945,-0.006350204246853554
0.09600000000000007,0.044273819768824337,-0.006266870293305613
0.09800000000000007,0.04426145057216762,-0.006184598328358843
0.10000000000000007,0.04424924381123228,-0.006103380467669138
0.10200000000000008,0.04423719739554114,-0.00602320784557094
0.10400000000000008,0.04422530925389817,-0.005944070821483863
0.10600000000000008,0.044213577335599975,-0.005865959149096561
0.10800000000000008,0.04420199961137003,-0.005788862114971432
0.11000000000000008,0.04419057407406597,-0.005712768652028821
0.11200000000000009,0.04417929873920118,-0.005637667432395994
0.11400000000000009,0.044168171645314565,-0.005563546943306056
0.11600000000000009,0.04415719085421641,-0.005490395549074766
0.11800000000000009,0.04414635445113312,-0.005418201541643201
0.12000000000000009,0.04413566054476966,-0.005346953181730322
0.1220000000000001,0.04412510726730511,-0.0052766387322750975
0.1240000000000001,0.04411469277433402,-0.005207246485548002
0.12600000000000008,0.044104415244763884,-0.0051387647850657725
0.12800000000000009,0.0440942728806774,-0.005071182043240903
0.1300000000000001,0.04408426390716634,-0.0050044867555313136
0.1320000000000001,0.0440743865721429,-0.004938667511718788
0.1340000000000001,0.04406463914613323,-0.004873713004833021
0.1360000000000001,0.044055019922056946,-0.004809612038145494
0.1380000000000001,0.04404552721499578,-0.004746353530581913
0.1400000000000001,0.0440361593619541,-0.00468392652083967
0.1420000000000001,0.04402691472161321,-0.004622320170445532
0.1440000000000001,0.04401779167408131,-0.004561523765946871
0.1460000000000001,0.044008788620640525,-0.0045015267203951945
0.1480000000000001,0.043999903983492024,-0.004442318574252343
0.1500000000000001,0.043991136205500374,-0.004383888995826369
0.1520000000000001,0.043982483749937726,-0.004326227781325161
0.1540000000000001,0.04397394510022853,-0.004269324854599856
0.1560000000000001,0.04396551875969525,-0.004213170266637399
0.1580000000000001,0.04395720325130555,-0.004157754194850857
0.16000000000000011,0.04394899711742114,-0.004103066942207424
0.16200000000000012,0.043940898919548686,-0.004049098936226805
0.16400000000000012,0.043932907238092934,-0.003995840727876922
0.16600000000000012,0.04392502067211216,-0.003943282990388943
0.16800000000000012,0.04391723783907614,-0.003891416518009581
0.17000000000000012,0.04390955737462673,-0.0038402322247055856
0.17200000000000013,0.04390197793234106,-0.0037897211428324167
0.17400000000000013,0.043894498183497506,-0.0037398744217770515
0.17600000000000013,0.04388711681684434,-0.0036906833265829245
0.17800000000000013,0.04387983253837121,-0.0036421392365637317
0.18000000000000013,0.043872644071083385,-0.0035942336439113345
0.18200000000000013,0.04386555015477878,-0.003546958152302185
0.18400000000000014,0.04385854954582777,-0.003500304475505876
0.18600000000000014,0.043851641016955774,-0.003454264435998577
0.18800000000000014,0.043844823357028606,-0.0034088299635837856
0.19000000000000014,0.04383809537084056,-0.0033639930940221733
0.19200000000000014,0.04383145587890522,-0.003319745967672035
0.19400000000000014,0.04382490371724893,-0.0032760808281415824
0.19600000000000015,0.043818437737207026,-0.0032329900209538873
0.19800000000000015,0.04381205680522258,-0.003190465992225359
0.20000000000000015,0.043805759802647865,-0.003148501287358138
0.20200000000000015,0.04379954562554837,-0.0031070885497470092
0.20400000000000015,0.04379341318450937,-0.0030662205195009415
0.20600000000000016,0.04378736140444501,-0.0030258900321796624
0.20800000000000016,0.04378138922440992,-0.002986090017545263
0.21000000000000016,0.04377549559741326,-0.0029468134983289458
0.21200000000000016,0.04376967949023523,-0.002908053589013013
0.21400000000000016,0.04376393988324598,-0.002869803494627936
0.21600000000000016,0.04375827577022685,-0.002832056509564626
0.21800000000000017,0.04375268615819404,-0.0027948060164017146
0.22000000000000017,0.04374717006722455,-0.0027580454847477816
0.22200000000000017,0.04374172653028435,-0.0027217684700984327
0.22400000000000017,0.04373635459305893,-0.0026859686127080995
0.22600000000000017,0.04373105331378598,-0.0026506396364763644
0.22800000000000017,0.04372582176309028,-0.0026157753478488004
0.23000000000000018,0.04372065902382082,-0.0025813696347320356
0.23200000000000018,0.043715564190889976,-0.0025474164654229418
0.23400000000000018,0.04371053637111487,-0.002513909887551814
0.23600000000000018,0.04370557468306079,-0.002480844027039324
0.23800000000000018,0.04370067825688666,-0.0024482130870671364
0.24000000000000019,0.04369584623419254,-0.0024160113470620037
0.2420000000000002,0.04369107776786915,-0.0023842331616931323
0.2440000000000002,0.04368637202194939,-0.002352872959882718
0.2460000000000002,0.04368172817146173,-0.002321925243829451
0.2480000000000002,0.04367714540228564,-0.0022913845880448464
0.25000000000000017,0.04367262291100884,-0.0022612456384022085
0.25200000000000017,0.043668159904786445,-0.002231503111198097
0.25400000000000017,0.04366375560120199,-0.00220215179222613
0.25600000000000017,0.04365940922813026,-0.002173186535862902
0.2580000000000002,0.04365512002360193,-0.0021446022641660035
0.2600000000000002,0.04365088723566996,-0.002116393965983808
0.2620000000000002,0.04364671012227781,-0.0020885566960770086
0.2640000000000002,0.04364258795112931,-0.00206108557425169
0.2660000000000002,0.0436385199995603,-0.0020339757845038086
0.2680000000000002,0.04363450555441195,-0.0020072225741749002
0.2700000000000002,0.04363054391190571,-0.0019808212531189045
0.2720000000000002,0.04362663437751995,-0.0019547671928799516
0.2740000000000002,0.04362277626586819,-0.0019290558258809468
0.2760000000000002,0.043618968900578946,-0.0019036826446228235
0.2780000000000002,0.043615211614177155,-0.0018786432008943475
0.2800000000000002,0.04361150374796717,-0.0018539331049922873
0.2820000000000002,0.04360784465191727,-0.0018295480249518627
0.2840000000000002,0.0436042336845457,-0.0018054836857873146
0.2860000000000002,0.04360067021280821,-0.0017817358687424157
0.2880000000000002,0.043597153611987106,-0.0017583004105509346
0.2900000000000002,0.04359368326558169,-0.0017351732027067184
0.2920000000000002,0.043590258565200206,-0.0017123501907434576
0.2940000000000002,0.04358687891045316,-0.0016898273735238786
0.2960000000000002,0.04358354370884808,-0.001667600802538318
0.2980000000000002,0.043580252375685656,-0.0016456665812124625
0.3000000000000002,0.043577004333957205,-0.0016240208642242843
0.3020000000000002,0.04357379901424355,-0.0016026598568298768
0.3040000000000002,0.04357063585461515,-0.001581579814198224
0.3060000000000002,0.04356751430053364,-0.001560777040754666
0.3080000000000002,0.043564433804754575,-0.0015402478895330076
0.3100000000000002,0.0435613938272315,-0.0015199887615362153
0.3120000000000002,0.04355839383502129,-0.0014999961051054285
0.3140000000000002,0.043555433302190694,-0.0014802664152973116
0.3160000000000002,0.043552511709724157,-0.0014607962332696368
0.3180000000000002,0.04354962854543281,-0.001441582145674864
0.32000000000000023,0.04354678330386469,-0.0014226207840617748
0.32200000000000023,0.04354397548621612,-0.0014039088242849196
0.32400000000000023,0.04354120460024428,-0.0013854429859218684
0.32600000000000023,0.04353847016018088,-0.001367220031698118
0.32800000000000024,0.04353577168664704,-0.0013492367669195528
0.33000000000000024,0.043533108706569214,-0.0013314900389123855
0.33200000000000024,0.043530480753096276,-0.001313976736470445
0.33400000000000024,0.04352788736551766,-0.001296693789309785
0.33600000000000024,0.0435253280891826,-0.001279638167530362
0.33800000000000024,0.04352280247542043,-0.0012628068810849131
0.34000000000000025,0.04352031008146192,-0.0012461969792547298
0.34200000000000025,0.043517850470361656,-0.0012298055501324028
0.34400000000000025,0.04351542321092143,-0.0012136297201112887
0.34600000000000025,0.043513027877614664,-0.0011976666533817727
0.34800000000000025,0.043510664050511794,-0.001181913551434091
0.35000000000000026,0.04350833131520666,-0.0011663676525677231
0.35200000000000026,0.04350602926274384,-0.001151026231407248
0.35400000000000026,0.04350375748954699,-0.0011358865984245437
0.35600000000000026,0.04350151559734806,-0.0011209460994672758
0.35800000000000026,0.04349930319311747,-0.001106202115293629
0.36000000000000026,0.043497119888995246,-0.001091652061113057
0.36200000000000027,0.04349496530222298,-0.0010772933861332098
0.36400000000000027,0.043492839055076754,-0.0010631235731126969
0.36600000000000027,0.04349074077480092,-0.0010491401379198204
0.36800000000000027,0.04348867009354272,-0.0010353406290970657
0.3700000000000003,0.04348662664828786,-0.001021722627431332
0.3720000000000003,0.0434846100807968,-0.001008283745529824
0.3740000000000003,0.043482620037542,-0.0009950216274014802
0.3760000000000003,0.04348065616964591,-0.0009819339480439961
0.3780000000000003,0.04347871813281984,-0.0009690184130361992
0.3800000000000003,0.04347680558730357,-0.0009562727581357847
0.3820000000000003,0.0434749181978058,-0.0009436947488823994
0.3840000000000003,0.04347305563344539,-0.0009312821802059083
0.3860000000000003,0.04347121756769331,-0.0009190328760398305
0.3880000000000003,0.04346940367831543,-0.0009069446889398157
0.3900000000000003,0.043467613647316015,-0.0008950154997072018
0.3920000000000003,0.04346584716088198,-0.0008832432170174951
0.3940000000000003,0.043464103909327874,-0.0008716257770537274
0.3960000000000003,0.04346238358704158,-0.0008601611431446312
0.3980000000000003,0.04346068589243077,-0.000848847305407613
0.4000000000000003,0.043459010527869976,-0.0008376822803964026
0.4020000000000003,0.043457357199648466,-0.0008266641107532913
0.4040000000000003,0.04345572561791874,-0.0008157908648660342
0.4060000000000003,0.04345411549664568,-0.0008050606365291766
0.4080000000000003,0.043452526553556456,-0.0007944715446098988
0.4100000000000003,0.04345095851009102,-0.0007840217327182172
0.4120000000000003,0.04344941109135326,-0.0007737093688815584
0.4140000000000003,0.04344788402606281,-0.0007635326452235578
0.4160000000000003,0.043446377046507514,-0.0007534897776471472
0.4180000000000003,0.04344488988849647,-0.000743579005521779
0.4200000000000003,0.04344342229131372,-0.0007337985913747591
0.4220000000000003,0.043441973997672544,-0.0007241468205866562
0.4240000000000003,0.04344054475367036,-0.0007146220010906911
0.4260000000000003,0.04343913430874421,-0.0007052224630761125
0.4280000000000003,0.04343774241562682,-0.000695946558695483
0.4300000000000003,0.04343636883030327,-0.0006867926617757381
0.43200000000000033,0.0434350133119682,-0.0006777591675331382
0.43400000000000033,0.04343367562298362,-0.000668844492291931
0.43600000000000033,0.04343235552883721,-0.0006600470732066908
0.43800000000000033,0.043431052798101236,-0.0006513653679883492
0.44000000000000034,0.043429767202391965,-0.0006427978546338387
0.44200000000000034,0.04342849851632965,-0.0006343430311592101
0.44400000000000034,0.04342724651749898,-0.0006259994153363682
0.44600000000000034,0.04342601098641011,-0.0006177655444331925
0.44800000000000034,0.04342479170646019,-0.0006096399749571205
0.45000000000000034,0.043423588463895386,-0.0006016212824020892
0.45200000000000035,0.04342240104777339,-0.0005937080609987692
0.45400000000000035,0.04342122924992645,-0.000585898923468159
0.45600000000000035,0.0434200728649249,-0.0005781925007783672
0.45800000000000035,0.04341893169004109,-0.0005705874419045757
0.46000000000000035,0.043417805525213904,-0.0005630824135922227
0.46200000000000035,0.04341669417301366,-0.0005556761001232586
0.46400000000000036,0.043415597438607484,-0.00054836720308549
0.46600000000000036,0.0434145151297252,-0.0005411544411449428
0.46800000000000036,0.04341344705662555,-0.0005340365498212394
0.47000000000000036,0.04341239303206302,-0.0005270122812659019
0.47200000000000036,0.04341135287125493,-0.0005200804040436148
0.47400000000000037,0.043410326391849094,-0.0005132397029163298
0.47600000000000037,0.043409313413891835,-0.0005064889786302187
0.47800000000000037,0.043408313759796424,-0.0004998270477054393
0.48000000000000037,0.04340732725431197,-0.0004932527422286353
0.4820000000000004,0.043406353724492676,-0.0004867649096482047
0.4840000000000004,0.04340539299966753,-0.0004803624125722572
0.4860000000000004,0.04340444491141039,-0.00047404412856917117
0.4880000000000004,0.04340350929351045,-0.00046780894997088657
0.4900000000000004,0.0434025859819431,-0.0004616557836786455
0.4920000000000004,0.043401674814841154,-0.0004555835509714149
0.4940000000000004,0.04340077563246652,-0.0004495911873167404
0.4960000000000004,0.04339988827718215,-0.00044367764218414176
0.4980000000000004,0.04339901259342443,-0.00043784187886093386
0.5000000000000003,0.043398148427675885,-0.00043208287427047706
0.5020000000000003,0.0433972956284383,-0.00042639961879282844
0.5040000000000003,0.04339645404620612,-0.00042079111608772516
0.5060000000000003,0.043395623533440286,-0.00041525638291994464
0.5080000000000003,0.043394803944542315,-0.0004097944489869121
0.5100000000000003,0.04339399513582882,-0.00040440435674859873
0.5120000000000003,0.0433931969655063,-0.0003990851612596384
0.5140000000000003,0.043392409293646295,-0.0003938359300037075
0.5160000000000003,0.04339163198216083,-0.0003886557427299915
0.5180000000000003,0.043390864894778246,-0.00038354369129189685
0.5200000000000004,0.04339010789701927,-0.0003784988794878307
0.5220000000000004,0.04338936085617346,-0.00037352042290408975
0.5240000000000004,0.04338862364127594,-0.0003686074487597903
0.5260000000000004,0.043387896123084434,-0.0003637590957538941
0.5280000000000004,0.04338717817405661,-0.00035897451391416895
0.5300000000000004,0.04338646966832771,-0.000354252864448239
0.5320000000000004,0.04338577048168852,-0.000349593319596462
0.5340000000000004,0.043385080491563546,-0.00034499506248687533
0.5360000000000004,0.043384399576989564,-0.00034045728699195734
0.5380000000000004,0.04338372761859439,-0.00033597919758731064
0.5400000000000004,0.043383064498575964,-0.00033156000921218684
0.5420000000000004,0.0433824101006817,-0.00032719894713189354
0.5440000000000004,0.0433817643101881,-0.00032289524680193573
0.5460000000000004,0.04338112701388063,-0.00031864815373399547
0.5480000000000004,0.0433804981000339,-0.0003144569233636403
0.5500000000000004,0.043379877458392065,-0.00031032082091984767
0.5520000000000004,0.04337926498014947,-0.0003062391212961426
0.5540000000000004,0.043378660557931624,-0.00030221110892347715
0.5560000000000004,0.04337806408577633,-0.0002982360776448261
0.5580000000000004,0.04337747545911515,-0.0002943133305913314
0.5600000000000004,0.04337689457475503,-0.0002904421800601825
0.5620000000000004,0.04337632133086024,-0.0002866219473940445
0.5640000000000004,0.04337575562693451,-0.00028285196286204333
0.5660000000000004,0.04337519736380343,-0.0002791315655423901
0.5680000000000004,0.043374646443597016,-0.000275460103206526
0.5700000000000004,0.04337410276973261,-0.00027183693220474923
0.5720000000000004,0.0433735662468979,-0.00026826141735337007
0.5740000000000004,0.043373036781034255,-0.00026473293182338907
0.5760000000000004,0.04337251427932019,-0.0002612508570305865
0.5780000000000004,0.04337199865015514,-0.0002578145825270718
0.5800000000000004,0.04337148980314335,-0.00025442350589428977
0.5820000000000004,0.043370987649078076,-0.0002510770326373764
0.5840000000000004,0.04337049209992591,-0.00024777457608096345
0.5860000000000004,0.04337000306881138,-0.0002445155572663068
0.5880000000000004,0.04336952047000168,-0.00024129940484982307
0.5900000000000004,0.04336904421889167,-0.00023812555500288238
0.5920000000000004,0.043368574231989046,-0.000234993451312989
0.5940000000000004,0.04336811042689968,-0.00023190254468624267
0.5960000000000004,0.043367652722313174,-0.00022885229325104873
0.5980000000000004,0.04336720103798865,-0.00022584216226312503
0.6000000000000004,0.04336675529474063,-0.00022287162401178932
0.6020000000000004,0.04336631541442517,-0.0002199401577274224
0.6040000000000004,0.04336588131992619,-0.0002170472494901578
0.6060000000000004,0.043365452935141914,-0.0002141923921398054
0.6080000000000004,0.04336503018497154,-0.00021137508518693414
0.6100000000000004,0.04336461299530209,-0.0002085948347251373
0.6120000000000004,0.0433642012929954,-0.00020585115334442023
0.6140000000000004,0.043363795005875304,-0.00020314356004579663
0.6160000000000004,0.04336339406271499,-0.0002004715801569142
0.6180000000000004,0.043362998393224494,-0.00019783474524888293
0.6200000000000004,0.04336260792803839,-0.00019523259305411018
0.6220000000000004,0.04336222259870361,-0.00019266466738530901
0.6240000000000004,0.0433618423376675,-0.0001901305180554667
0.6260000000000004,0.0433614670782659,-0.00018762970079898213
0.6280000000000004,0.04336109675471152,-0.00018516177719372923
0.6300000000000004,0.04336073130208235,-0.00018272631458423594
0.6320000000000005,0.04336037065631034,-0.0001803228860058038
0.6340000000000005,0.043360014754170124,-0.00017795107010968006
0.6360000000000005,0.04335966353326794,-0.0001756104510891799
0.6380000000000005,0.04335931693203073,-0.000173300618606765
0.6400000000000005,0.04335897488969529,-0.00017102116772216422
0.6420000000000005,0.04335863734629765,-0.00016877169882134466
0.6440000000000005,0.04335830424266256,-0.00016655181754645016
0.6460000000000005,0.043357975520393104,-0.00016436113472667659
0.6480000000000005,0.043357651121860484,-0.00016219926631005696
0.6500000000000005,0.04335733099019389,-0.0001600658332961192
0.6520000000000005,0.04335701506927055,-0.0001579604616694409
0.6540000000000005,0.04335670330370588,-0.00015588278233408893
0.6560000000000005,0.04335639563884378,-0.00015383243104889
0.6580000000000005,0.043356092020747056,-0.00015180904836361878
0.6600000000000005,0.04335579239618794,-0.00014981227955594966
0.6620000000000005,0.0433554967126388,-0.00014784177456927928
0.6640000000000005,0.0433552049182629,-0.00014589718795134007
0.6660000000000005,0.04335491696190531,-0.00014397817879366342
0.6680000000000005,0.04335463279308397,-0.0001420844106718064
0.6700000000000005,0.0433543523619808,-0.0001402155515863757
0.6720000000000005,0.04335407561943299,-0.0001383712739048127
0.6740000000000005,0.04335380251692438,-0.0001365512543039543
0.6760000000000005,0.043353533006576954,-0.0001347551737133678
0.6780000000000005,0.04335326704114244,-0.00013298271725939909
0.6800000000000005,0.04335300457399402,-0.0001312335742099974
0.6820000000000005,0.04335274555911818,-0.0001295074379202017
0.6840000000000005,0.043352489951106625,-0.00012780400577840507
0.6860000000000005,0.04335223770514832,-0.00012612297915329016
0.6880000000000005,0.043351988777021636,-0.00012446406334150033
0.6900000000000005,0.0433517431230866,-0.0001228269675159675
0.6920000000000005,0.043351500700277254,-0.00012121140467489023
0.6940000000000005,0.04335126146609407,-0.0001196170915914683
0.6960000000000005,0.04335102537859654,-0.00011804374876422992
0.6980000000000005,0.043350792396395804,-0.00011649110036801793
0.7000000000000005,0.043350562478647395,-0.0001149588742056573
0.7020000000000005,0.04335033558504407,-0.00011344680166022744
0.7040000000000005,0.043350111675808774,-0.00011195461764797211
0.7060000000000005,0.04334989071168763,-0.00011048206057180939
0.7080000000000005,0.04334967265394308,-0.00010902887227549553
0.7100000000000005,0.04334945746434708,-0.00010759479799835427
0.7120000000000005,0.04334924510517442,-0.00010617958633062614
0.7140000000000005,0.04334903553919608,-0.00010478298916937884
0.7160000000000005,0.04334882872967273,-0.00010340476167501587
0.7180000000000005,0.04334862464034828,-0.00010204466222835531
0.7200000000000005,0.0433484232354435,-0.00010070245238827643
0.7220000000000005,0.043348224479649804,-9.937789684990918e-05
0.7240000000000005,0.043348028338123,-9.807076340339032e-05
0.7260000000000005,0.04334783477647721,-9.678082289314305e-05
0.7280000000000005,0.043347643760778855,-9.55078491777046e-05
0.7300000000000005,0.043347455257540676,-9.425161909010622e-05
0.7320000000000005,0.04334726923371588,-9.301191239870797e-05
0.7340000000000005,0.04334708565669235,-9.178851176863571e-05
0.7360000000000005,0.0433469044942869,-9.058120272365349e-05
0.7380000000000005,0.04334672571473969,-8.938977360854553e-05
0.7400000000000005,0.043346549286708586,-8.821401555203621e-05
0.7420000000000005,0.04334637517926373,-8.705372243018235e-05
0.7440000000000005,0.043346203361882066,-8.590869083021495e-05
0.7460000000000006,0.04334603380444203,-8.477872001486704e-05
0.7480000000000006,0.04334586647721826,-8.366361188722936e-05
0.7500000000000006,0.04334570135087635,-8.256317095599047e-05
0.7520000000000006,0.043345538396467743,-8.147720430114935e-05
0.7540000000000006,0.043345377585424665,-8.040552154022403e-05
0.7560000000000006,0.04334521888955507,-7.934793479486257e-05
0.7580000000000006,0.04334506228103776,-7.830425865790864e-05
0.7600000000000006,0.043344907732417434,-7.727431016089467e-05
0.7620000000000006,0.04334475521659995,-7.625790874195782e-05
0.7640000000000006,0.04334460470684753,-7.525487621422408e-05
0.7660000000000006,0.04334445617677406,-7.426503673451019e-05
0.7680000000000006,0.04334430960034051,-7.328821677253107e-05
0.7700000000000006,0.04334416495185035,-7.232424508046954e-05
0.7720000000000006,0.04334402220594503,-7.137295266298368e-05
0.7740000000000006,0.04334388133759953,-7.043417274752836e-05
0.7760000000000006,0.043343742322118024,-6.950774075516027e-05
0.7780000000000006,0.043343605135129484,-6.85934942716549e-05
0.7800000000000006,0.04334346975258345,-6.76912730190611e-05
0.7820000000000006,0.043343336150745794,-6.680091882759184e-05
0.7840000000000006,0.04334320430619458,-6.592227560787152e-05
0.7860000000000006,0.043343074195815935,-6.505518932360747e-05
0.7880000000000006,0.04334294579680001,-6.41995079645752e-05
0.7900000000000006,0.043342819086636966,-6.335508151996139e-05
0.7920000000000006,0.04334269404311306,-6.252176195206257e-05
0.7940000000000006,0.04334257064430672,-6.169940317035236e-05
0.7960000000000006,0.04334244886858471,-6.0887861005840547e-05
0.7980000000000006,0.04334232869459834,-6.008699318582521e-05
0.8000000000000006,0.04334221010127972,-5.929665930893976e-05
0.8020000000000006,0.04334209306783808,-5.8516720820538044e-05
0.8040000000000006,0.0433419775737561,-5.774704098840282e-05
0.8060000000000006,0.04334186359878634,-5.6987484878780886e-05
0.8080000000000006,0.04334175112294768,-5.6237919332722976e-05
0.8100000000000006,0.043341640126521794,-5.549821294274744e-05
0.8120000000000006,0.043341530590049734,-5.4768236029785324e-05
0.8140000000000006,0.04334142249432849,-5.404786062045748e-05
0.8160000000000006,0.04334131582040764,-5.333696042464507e-05
0.8180000000000006,0.043341210549586014,-5.263541081333741e-05
0.8200000000000006,0.04334110666340842,-5.194308879679869e-05
0.8220000000000006,0.04334100414366242,-5.125987300300684e-05
0.8240000000000006,0.043340902972375105,-5.058564365634087e-05
0.8260000000000006,0.04334080313180999,-4.9920282556609176e-05
0.8280000000000006,0.043340704604463876,-4.926367305834046e-05
0.8300000000000006,0.04334060737306378,-4.861570005031223e-05
0.8320000000000006,0.04334051142056391,-4.7976249935384336e-05
0.8340000000000006,0.04334041673014269,-4.734521061058204e-05
0.8360000000000006,0.043340323285199794,-4.672247144742123e-05
0.8380000000000006,0.04334023106935325,-4.610792327253693e-05
0.8400000000000006,0.04334014006643656,-4.550145834855642e-05
0.8420000000000006,0.043340050260495845,-4.490297035517084e-05
0.8440000000000006,0.04333996163578711,-4.431235437053673e-05
0.8460000000000006,0.0433398741767734,-4.372950685285899e-05
0.8480000000000006,0.043339787868122155,-4.315432562223855e-05
0.8500000000000006,0.04333970269470247,-4.2586709842764634e-05
0.8520000000000006,0.04333961864158246,-4.202656000484792e-05
0.8540000000000006,0.04333953569402664,-4.147377790776013e-05
0.8560000000000006,0.04333945383749335,-4.0928266642422455e-05
0.8580000000000007,0.043339373057632205,-4.038993057441057e-05
0.8600000000000007,0.043339293340281554,-3.9858675327214286e-05
0.8620000000000007,0.04333921467146602,-3.9334407765654555e-05
0.8640000000000007,0.04333913703739407,-3.8817035979584835e-05
0.8660000000000007,0.04333906042445553,-3.8306469267758606e-05
0.8680000000000007,0.04333898481921929,-3.7802618121927505e-05
0.8700000000000007,0.043338910208430864,-3.7305394211189445e-05
0.8720000000000007,0.04333883657901013,-3.681471036644389e-05
0.8740000000000007,0.043338763918049,-3.6330480565154754e-05
0.8760000000000007,0.04333869221280917,-3.58526199162587e-05
0.8780000000000007,0.04333862145071988,-3.5381044645263546e-05
0.8800000000000007,0.04333855161937572,-3.49156720795855e-05
0.8820000000000007,0.043338482706534454,-3.4456420634047704e-05
0.8840000000000007,0.04333841470011486,-3.4003209796574386e-05
0.8860000000000007,0.04333834758819463,-3.355596011407241e-05
0.8880000000000007,0.043338281359008274,-3.311459317850888e-05
0.8900000000000007,0.04333821600094505,-3.2679031613167735e-05
0.8920000000000007,0.04333815150254693,-3.2249199059094426e-05
0.8940000000000007,0.04333808785250661,-3.1825020161680486e-05
0.8960000000000007,0.043338025039665495,-3.140642055746831e-05
0.8980000000000007,0.043337963053011776,-3.099332686111344e-05
0.9000000000000007,0.04333790188167847,-3.0585666652526205e-05
0.9020000000000007,0.04333784151494154,-3.018336846416952e-05
0.9040000000000007,0.043337781942218004,-2.9786361768525156e-05
0.9060000000000007,0.04333772315306407,-2.9394576965749666e-05
0.9080000000000007,0.043337665137173326,-2.9007945371430802e-05
0.9100000000000007,0.043337607884374914,-2.8626399204604547e-05
0.9120000000000007,0.04333755138463176,-2.82498715758149e-05
0.9140000000000007,0.043337495628038805,-2.787829647544005e-05
0.9160000000000007,0.04333744060482128,-2.751160876206524e-05
0.9180000000000007,0.04333738630533298,-2.7149744151104622e-05
0.9200000000000007,0.04333733272005457,-2.6792639203529324e-05
0.9220000000000007,0.043337279839591944,-2.6440231314705604e-05
0.9240000000000007,0.043337227654674536,-2.6092458703484613e-05
0.9260000000000007,0.043337176156153734,-2.5749260401292374e-05
0.9280000000000007,0.04333712533500125,-2.5410576241520726e-05
0.9300000000000007,0.043337075182307554,-2.5076346848930946e-05
0.9320000000000007,0.043337025689280294,-2.4746513629248786e-05
0.9340000000000007,0.043336976847242775,-2.4421018758912445e-05
0.9360000000000007,0.043336928647632424,-2.4099805174903657e-05
0.9380000000000007,0.0433368810819993,-2.3782816564782104e-05
0.9400000000000007,0.043336834142004586,-2.346999735678929e-05
0.9420000000000007,0.043336787819419166,-2.3161292710116972e-05
0.9440000000000007,0.04333674210612216,-2.2856648505262856e-05
0.9460000000000007,0.04333669699409949,-2.2556011334596018e-05
0.9480000000000007,0.04333665247544251,-2.2259328492945036e-05
0.9500000000000007,0.04333660854234657,-2.196654796838179e-05
0.9520000000000007,0.0433365651871097,-2.1677618433104094e-05
0.9540000000000007,0.04333652240213123,-2.1392489234435073e-05
0.9560000000000007,0.04333648017991046,-2.111111038593318e-05
0.9580000000000007,0.04333643851304534,-2.083343255863076e-05
0.9600000000000007,0.043336397394231195,-2.055940707240913e-05
0.9620000000000007,0.04333635681625942,-2.028898588744185e-05
0.9640000000000007,0.04333631677201623,-2.002212159577869e-05
0.9660000000000007,0.0433362772544814,-1.975876741303138e-05
0.9680000000000007,0.04333623825672706,-1.9498877170162943e-05
0.9700000000000008,0.04333619977191645,-1.9242405305427488e-05
0.9720000000000008,0.04333616179330274,-1.8989306856341366e-05
0.9740000000000008,0.043336124314227835,-1.873953745182355e-05
0.9760000000000008,0.04333608732812123,-1.8493053304415424e-05
0.9780000000000008,0.04333605082849882,-1.824981120260808e-05
0.9800000000000008,0.04333601480896181,-1.8009768503259927e-05
0.9820000000000008,0.043335979263195566,-1.7772883124103545e-05
0.9840000000000008,0.04333594418496849,-1.753911353641245e-05
0.9860000000000008,0.04333590956813098,-1.730841875767075e-05
0.9880000000000008,0.04333587540661429,-1.708075834442254e-05
0.9900000000000008,0.043335841694429514,-1.685609238517348e-05
0.9920000000000008,0.043335808425666526,-1.6634381493376952e-05
0.9940000000000008,0.04333577559449293,-1.641558680057114e-05
0.9960000000000008,0.04333574319515303,-1.6199669949525698e-05
0.9980000000000008,0.043335711221966854,-1.5986593087519545e-05
1.0000000000000007,0.043335679669329136,-1.5776318859715124e-05
1.0020000000000007,0.04333564853170833,-1.5568810402623105e-05
1.0040000000000007,0.04333561780364565,-1.5364031337605888e-05
1.0060000000000007,0.04333558747975412,-1.5161945764531517e-05
1.0080000000000007,0.04333555755471761,-1.4962518255483386e-05
1.0100000000000007,0.04333552802328991,-1.4765713848506348e-05
1.0120000000000007,0.043335498880293824,-1.4571498041518755e-05
1.0140000000000007,0.04333547012062025,-1.4379836786242327e-05
1.0160000000000007,0.043335441739227286,-1.4190696482254755e-05
1.0180000000000007,0.04333541373113935,-1.4004043971083771e-05
1.0200000000000007,0.043335386091446285,-1.3819846530392587e-05
1.0220000000000007,0.043335358815302545,-1.3638071868226321e-05
1.0240000000000007,0.04333533189792631,-1.3458688117402959e-05
1.0260000000000007,0.043335305334598645,-1.3281663829874051e-05
1.0280000000000007,0.0433352791206627,-1.310696797125069e-05
1.0300000000000007,0.04333525325152287,-1.293456991532584e-05
1.0320000000000007,0.04333522772264399,-1.2764439438731377e-05
1.0340000000000007,0.04333520252955056,-1.2596546715640872e-05
1.0360000000000007,0.043335177667825936,-1.243086231251928e-05
1.0380000000000007,0.04333515313311157,-1.2267357182975213e-05
1.0400000000000007,0.04333512892110625,-1.2106002662673556e-05
1.0420000000000007,0.04333510502756532,-1.1946770464309133e-05
1.0440000000000007,0.04333508144829997,-1.1789632672638386e-05
1.0460000000000007,0.04333505817917649,-1.1634561739592602e-05
1.0480000000000007,0.04333503521611553,-1.1481530479443432e-05
1.0500000000000007,0.0433350125550914,-1.1330512064044705e-05
1.0520000000000007,0.04333499019213136,-1.1181480018134365e-05
1.0540000000000007,0.043334968123314936,-1.1034408214676134e-05
1.0560000000000007,0.043334946344773195,-1.0889270870285728e-05
1.0580000000000007,0.04333492485268811,-1.0746042540702814e-05
1.0600000000000007,0.04333490364329188,-1.0604698116354063e-05
1.0620000000000007,0.04333488271286624,-1.0465212817928916e-05
1.0640000000000007,0.04333486205774186,-1.0327562192054375e-05
1.0660000000000007,0.043334841674297644,-1.019172210698402e-05
1.0680000000000007,0.043334821558960145,-1.0057668748376138e-05
1.0700000000000007,0.04333480170820291,-9.92537861513771e-06
1.0720000000000007,0.043334782118545884,-9.79482851527777e-06
1.0740000000000007,0.04333476278655476,-9.665995561863227e-06
1.0760000000000007,0.04333474370884042,-9.538857168985228e-06
1.0780000000000007,0.04333472488205832,-9.413391047816796e-06
1.0800000000000007,0.043334706302907915,-9.289575202691992e-06
1.0820000000000007,0.04333468796813206,-9.167387927277617e-06
1.0840000000000007,0.04333466987451646,-9.046807800733456e-06
1.0860000000000007,0.04333465201888909,-8.927813683970745e-06
1.0880000000000007,0.04333463439811966,-8.810384715957178e-06
1.0900000000000007,0.04333461700911904,-8.694500310028246e-06
1.0920000000000007,0.04333459984883874,-8.580140150309543e-06
1.0940000000000007,0.04333458291427036,-8.467284188143913e-06
1.0960000000000008,0.04333456620244508,-8.355912638586708e-06
1.0980000000000008,0.04333454971043313,-8.24600597691375e-06
1.1000000000000008,0.043334533435343256,-8.137544935232647e-06
1.1020000000000008,0.04333451737432226,-8.030510499055029e-06
1.1040000000000008,0.043334501524554446,-7.92488390401348e-06
1.1060000000000008,0.04333448588326118,-7.820646632547947e-06
1.1080000000000008,0.043334470447700356,-7.717780410663814e-06
1.1100000000000008,0.04333445521516595,-7.616267204727091e-06
1.1120000000000008,0.04333444018298751,-7.516089218297944e-06
1.1140000000000008,0.04333442534852973,-7.417228889029391e-06
1.1160000000000008,0.04333441070919196,-7.31966888555494e-06
1.1180000000000008,0.04333439626240775,-7.223392104481024e-06
1.1200000000000008,0.04333438200564442,-7.128381667383122e-06
1.1220000000000008,0.043334367936402586,-7.034620917836042e-06
1.1240000000000008,0.04333435405221575,-6.942093418499766e-06
1.1260000000000008,0.043334340350649855,-6.850782948234939e-06
1.1280000000000008,0.043334326829302855,-6.760673499248357e-06
1.1300000000000008,0.043334313485804306,-6.671749274327954e-06
1.1320000000000008,0.04333430031781494,-6.583994684024257e-06
1.1340000000000008,0.04333428732302625,-6.497394343954872e-06
1.1360000000000008,0.04333427449916011,-6.411933072063959e-06
1.1380000000000008,0.04333426184396834,-6.327595886022775e-06
1.1400000000000008,0.043334249355232335,-6.244368000543791e-06
1.1420000000000008,0.04333423703076269,-6.162234824815742e-06
1.1440000000000008,0.04333422486839877,-6.081181959940793e-06
1.1460000000000008,0.04333421286600837,-6.001195196427121e-06
1.1480000000000008,0.04333420102148735,-5.9222605116622405e-06
1.1500000000000008,0.04333418933275921,-5.844364067487723e-06
1.1520000000000008,0.0433341777977748,-5.767492207758486e-06
1.1540000000000008,0.04333416641451189,-5.6916314559573955e-06
1.1560000000000008,0.043334155180974866,-5.616768512818398e-06
1.1580000000000008,0.04333414409519436,-5.5428902540024135e-06
1.1600000000000008,0.043334133155226905,-5.4699837278019675e-06
1.1620000000000008,0.0433341223591546,-5.398036152852084e-06
1.1640000000000008,0.04333411170508476,-5.327034915915729e-06
1.1660000000000008,0.043334101191149624,-5.256967569648473e-06
1.1680000000000008,0.04333409081550596,-5.187821830450498e-06
1.1700000000000008,0.04333408057633481,-5.119585576273112e-06
1.1720000000000008,0.043334070471841124,-5.05224684451652e-06
1.1740000000000008,0.043334060500253464,-4.98579382991379e-06
1.1760000000000008,0.0433340506598237,-4.920214882493081e-06
1.1780000000000008,0.04333404094882669,-4.85549850550306e-06
1.1800000000000008,0.04333403136555998,-4.791633353417302e-06
1.1820000000000008,0.04333402190834352,-4.728608229938499e-06
1.1840000000000008,0.043334012575519346,-4.666412086044143e-06
1.1860000000000008,0.04333400336545131,-4.605034018015063e-06
1.1880000000000008,0.04333399427652478,-4.544463265583097e-06
1.1900000000000008,0.04333398530714636,-4.484689209990576e-06
1.1920000000000008,0.04333397645574362,-4.425701372163447e-06
1.1940000000000008,0.043333967720764796,-4.367489410843833e-06
1.1960000000000008,0.043333959100678554,-4.31004312080146e-06
1.1980000000000008,0.04333395059397369,-4.2533524310484195e-06
1.2000000000000008,0.043333942199158884,-4.197407403045176e-06
1.2020000000000008,0.043333933914762424,-4.1421982289741885e-06
1.2040000000000008,0.043333925739331966,-4.0877152300451225e-06
1.2060000000000008,0.043333917671434255,-4.033948854754228e-06
1.2080000000000009,0.0433339097096549,-3.98088967724256e-06
1.2100000000000009,0.04333390185259811,-3.928528395617709e-06
1.2120000000000009,0.04333389409888645,-3.876855830341939e-06
1.2140000000000009,0.04333388644716061,-3.825862922631616e-06
1.2160000000000009,0.04333387889607914,-3.775540732833328e-06
1.2180000000000009,0.043333871444318266,-3.7258804388777885e-06
1.2200000000000009,0.0433338640905716,-3.676873334752278e-06
1.2220000000000009,0.04333385683354994,-3.628510828937957e-06
1.2240000000000009,0.043333849671981055,-3.5807844429320964e-06
1.2260000000000009,0.043333842604609436,-3.5336858097562804e-06
1.2280000000000009,0.04333383563019609,-3.487206672464679e-06
1.2300000000000009,0.04333382874751832,-3.4413388827333537e-06
1.2320000000000009,0.04333382195536952,-3.396074399414341e-06
1.2340000000000009,0.043333815252558944,-3.3514052871090153e-06
1.2360000000000009,0.04333380863791152,-3.3073237148147795e-06
1.2380000000000009,0.043333802110267605,-3.2638219545325794e-06
1.2400000000000009,0.04333379566848285,-3.220892379884932e-06
1.2420000000000009,0.043333789311427916,-3.1785274648414453e-06
1.2440000000000009,0.04333378303798835,-3.136719782324416e-06
1.2460000000000009,0.04333377684706435,-3.0954620029776914e-06
1.2480000000000009,0.04333377073757056,-3.0547468938398703e-06
1.2500000000000009,0.043333764708435925,-3.014567317071001e-06
1.252000000000001,0.043333758758603465,-2.974916228730533e-06
1.254000000000001,0.04333375288703011,-2.935786677524429e-06
1.256000000000001,0.0433337470926865,-2.89717180360132e-06
1.258000000000001,0.043333741374556825,-2.859064837312737e-06
1.260000000000001,0.04333373573163863,-2.8214590980723553e-06
1.262000000000001,0.043333730162942646,-2.7843479931683864e-06
1.264000000000001,0.043333724667492614,-2.747725016591722e-06
1.266000000000001,0.043333719244325115,-2.711583747906011e-06
1.268000000000001,0.04333371389248941,-2.6759178511334235e-06
1.270000000000001,0.04333370861104727,-2.640721073630497e-06
1.272000000000001,0.043333703399072776,-2.6059872450084033e-06
1.274000000000001,0.043333698255652225,-2.571710276017452e-06
1.276000000000001,0.04333369317988391,-2.5378841575042026e-06
1.278000000000001,0.043333688170877994,-2.5045029593684646e-06
1.280000000000001,0.04333368322775633,-2.4715608294969566e-06
1.282000000000001,0.04333367834965235,-2.439051992740289e-06
1.284000000000001,0.04333367353571085,-2.406970749948357e-06
1.286000000000001,0.043333668785087896,-2.375311476893201e-06
1.288000000000001,0.04333366409695065,-2.344068623344725e-06
1.290000000000001,0.04333365947047722,-2.313236712068857e-06
1.292000000000001,0.04333365490485655,-2.282810337878173e-06
1.294000000000001,0.043333650399288215,-2.2527841666742655e-06
1.296000000000001,0.04333364595298234,-2.2231529345240643e-06
1.298000000000001,0.043333641565159446,-2.1939114467318997e-06
1.300000000000001,0.04333363723505029,-2.165054576921232e-06
1.302000000000001,0.04333363296189576,-2.136577266161578e-06
1.304000000000001,0.043333628744946714,-2.1084745220423046e-06
1.306000000000001,0.043333624583463876,-2.080741417826881e-06
1.308000000000001,0.04333362047671769,-2.053373091588157e-06
1.310000000000001,0.0433336164239882,-2.0263647453390865e-06
1.312000000000001,0.04333361242456491,-1.9997116442147986e-06
1.314000000000001,0.04333360847774668,-1.973409115617348e-06
1.316000000000001,0.04333360458284158,-1.9474525483990103e-06
1.318000000000001,0.0433336007391668,-1.921837392082745e-06
1.320000000000001,0.043333596946048485,-1.896559156032846e-06
1.322000000000001,0.043333593202821666,-1.871613408686449e-06
1.324000000000001,0.043333589508830116,-1.8469957767629666e-06
1.326000000000001,0.04333358586342623,-1.822701944518206e-06
1.328000000000001,0.04333358226597092,-1.7987276529515028e-06
1.330000000000001,0.04333357871583352,-1.7750686990887775e-06
1.332000000000001,0.04333357521239165,-1.7517209352537854e-06
1.334000000000001,0.043333571755031115,-1.7286802682999486e-06
1.336000000000001,0.0433335683431458,-1.7059426589452496e-06
1.338000000000001,0.04333356497613756,-1.6835041210226032e-06
1.340000000000001,0.04333356165341612,-1.661360720799627e-06
1.342000000000001,0.043333558374398964,-1.6395085762790196e-06
1.344000000000001,0.043333555138511254,-1.6179438565172757e-06
1.346000000000001,0.04333355194518569,-1.5966627809868046e-06
1.348000000000001,0.043333548793862454,-1.5756616188608302e-06
1.350000000000001,0.043333545683989075,-1.5549366883906815e-06
1.352000000000001,0.043333542615020364,-1.534484356265278e-06
1.354000000000001,0.04333353958641829,-1.5143010369443693e-06
1.356000000000001,0.043333536597651906,-1.4943831920760196e-06
1.358000000000001,0.043333533648197246,-1.4747273298139766e-06
1.360000000000001,0.043333530737537235,-1.4553300042661963e-06
1.362000000000001,0.043333527865161606,-1.4361878148560718e-06
1.364000000000001,0.0433335250305668,-1.4172974057436108e-06
1.366000000000001,0.043333522233255865,-1.398655465219218e-06
1.368000000000001,0.04333351947273841,-1.3802587251276818e-06
1.370000000000001,0.04333351674853049,-1.3621039603179798e-06
1.372000000000001,0.04333351406015452,-1.3441879880393057e-06
1.374000000000001,0.04333351140713918,-1.3265076674304589e-06
1.376000000000001,0.043333508789019384,-1.309059898917836e-06
1.378000000000001,0.04333350620533614,-1.2918416237149305e-06
1.380000000000001,0.04333350365563649,-1.2748498232504857e-06
1.382000000000001,0.04333350113947346,-1.2580815186731283e-06
1.384000000000001,0.043333498656405914,-1.2415337703013796e-06
1.386000000000001,0.04333349620599856,-1.2252036771171839e-06
1.388000000000001,0.04333349378782181,-1.209088376268523e-06
1.390000000000001,0.04333349140145172,-1.1931850425639982e-06
1.392000000000001,0.04333348904646994,-1.1774908879664634e-06
1.394000000000001,0.04333348672246362,-1.16200316109966e-06
1.396000000000001,0.04333348442902533,-1.1467191467955447e-06
1.398000000000001,0.043333482165752994,-1.1316361655907334e-06
1.400000000000001,0.04333347993224985,-1.1167515732557297e-06
1.402000000000001,0.04333347772812433,-1.1020627603592756e-06
1.404000000000001,0.043333475552990025,-1.0875671517704077e-06
1.406000000000001,0.043333473406465615,-1.073262206253199e-06
1.408000000000001,0.04333347128817478,-1.0591454159921634e-06
1.410000000000001,0.043333469197746166,-1.0452143061436638e-06
1.412000000000001,0.0433334671348133,-1.031466434409737e-06
1.414000000000001,0.04333346509901452,-1.0178993906510727e-06
1.416000000000001,0.043333463089992925,-1.0045107964039359e-06
1.418000000000001,0.04333346110739632,-9.91298304479764e-07
1.420000000000001,0.04333345915087712,-9.782595985865976e-07
1.422000000000001,0.04333345722009233,-9.653923928869475e-07
1.424000000000001,0.04333345531470347,-9.526944316066789e-07
1.426000000000001,0.043333453434376494,-9.401634886554559e-07
1.428000000000001,0.04333345157878176,-9.277973672149451e-07
1.430000000000001,0.04333344974759396,-9.155938993611636e-07
1.432000000000001,0.04333344794049207,-9.035509456758574e-07
1.434000000000001,0.04333344615715928,-8.916663948889602e-07
1.436000000000001,0.043333444397282955,-8.799381635154643e-07
1.438000000000001,0.04333344266055456,-8.683641954553054e-07
1.440000000000001,0.04333344094666964,-8.569424616484604e-07
1.442000000000001,0.04333343925532772,-8.456709597436974e-07
1.444000000000001,0.043333437586232294,-8.345477137131826e-07
1.446000000000001,0.043333435939090746,-8.235707735303355e-07
1.448000000000001,0.04333343431361432,-8.127382148032903e-07
1.450000000000001,0.04333343270951804,-8.020481384677197e-07
1.452000000000001,0.0433334311265207,-7.914986704219521e-07
1.454000000000001,0.04333342956434478,-7.810879612312975e-07
1.456000000000001,0.043333428022716405,-7.708141857623359e-07
1.458000000000001,0.04333342650136532,-7.606755429183643e-07
1.460000000000001,0.04333342500002481,-7.506702552664809e-07
1.462000000000001,0.04333342351843167,-7.407965687678436e-07
1.464000000000001,0.04333342205632616,-7.310527524526612e-07
1.466000000000001,0.04333342061345197,-7.21437098127366e-07
1.468000000000001,0.043333419189556126,-7.119479200403835e-07
1.470000000000001,0.04333341778438902,-7.02583554644426e-07
1.472000000000001,0.0433334163977043,-6.933423602450306e-07
1.474000000000001,0.043333415029258866,-6.842227167691951e-07
1.476000000000001,0.04333341367881281,-6.752230254302069e-07
1.478000000000001,0.0433334123461294,-6.663417084770446e-07
1.480000000000001,0.04333341103097498,-6.575772089071855e-07
1.482000000000001,0.043333409733119,-6.489279902129808e-07
1.484000000000001,0.043333408452333924,-6.40392536081519e-07
1.486000000000001,0.04333340718839522,-6.319693501409859e-07
1.488000000000001,0.04333340594108131,-6.236569557231165e-07
1.490000000000001,0.043333404710173516,-6.154538955652842e-07
1.492000000000001,0.04333340349545605,-6.073587315701388e-07
1.494000000000001,0.043333402296715964,-5.993700445686675e-07
1.496000000000001,0.0433334011137431,-5.91486434052933e-07
1.498000000000001,0.043333399946330065,-5.837065179402519e-07
1.500000000000001,0.0433333987942722,-5.760289323186391e-07
1.5020000000000011,0.04333339765736754,-5.684523312081857e-07
1.5040000000000011,0.04333339653541676,-5.609753863471624e-07
1.5060000000000011,0.04333339542822319,-5.535967869457438e-07
1.5080000000000011,0.04333339433559271,-5.463152394426327e-07
1.5100000000000011,0.04333339325733378,-5.391294673099223e-07
1.5120000000000011,0.04333339219325735,-5.32038210798439e-07
1.5140000000000011,0.0433333911431769,-5.250402267118226e-07
1.5160000000000011,0.04333339010690832,-5.181342882435718e-07
1.5180000000000011,0.04333338908426995,-5.113191846872106e-07
1.5200000000000011,0.04333338807508251,-5.045937212867068e-07
1.5220000000000011,0.043333387079169075,-4.979567189869807e-07
1.5240000000000011,0.043333386096355044,-4.914070142446232e-07
1.5260000000000011,0.04333338512646812,-4.84943458820265e-07
1.5280000000000011,0.04333338416933828,-4.785649195688482e-07
1.5300000000000011,0.043333383224797725,-4.72270278269161e-07
1.5320000000000011,0.04333338229268086,-4.6605843140230444e-07
1.5340000000000011,0.04333338137282428,-4.599282899614935e-07
1.5360000000000011,0.043333380465066726,-4.538787792551544e-07
1.5380000000000011,0.04333337956924905,-4.479088387383446e-07
1.5400000000000011,0.043333378685214204,-4.420174218107754e-07
1.5420000000000011,0.04333337781280721,-4.362034956241207e-07
1.5440000000000011,0.04333337695187513,-4.3046604094471194e-07
1.5460000000000012,0.04333337610226702,-4.2480405192809614e-07
1.5480000000000012,0.04333337526383395,-4.19216535966962e-07
1.5500000000000012,0.04333337443642892,-4.1370251349468573e-07
1.5520000000000012,0.043333373619906884,-4.082610178479213e-07
1.5540000000000012,0.04333337281412469,-4.0289109506893475e-07
1.5560000000000012,0.04333337201894109,-3.975918037482018e-07
1.5580000000000012,0.043333371234216655,-3.9236221486263464e-07
1.5600000000000012,0.04333337045981383,-3.8720141159453026e-07
1.5620000000000012,0.04333336969559685,-3.82108489203378e-07
1.5640000000000012,0.043333368941431735,-3.770825548291156e-07
1.5660000000000012,0.04333336819718628,-3.7212272738430914e-07
1.5680000000000012,0.043333367462730005,-3.672281373411621e-07
1.5700000000000012,0.04333336673793415,-3.623979266321441e-07
1.5720000000000012,0.043333366022671654,-3.576312484543431e-07
1.5740000000000012,0.04333336531681712,-3.5292726717302047e-07
1.5760000000000012,0.043333364620246805,-3.482851581073607e-07
1.5780000000000012,0.04333336393283859,-3.4370410745171035e-07
1.5800000000000012,0.043333363254471964,-3.3918331209566543e-07
1.5820000000000012,0.043333362585028005,-3.347219794895916e-07
1.5840000000000012,0.04333336192438935,-3.303193275017748e-07
1.5860000000000012,0.04333336127244018,-3.259745843064697e-07
1.5880000000000012,0.0433333606290662,-3.216869882157356e-07
1.5900000000000012,0.04333335999415463,-3.174557875666148e-07
1.5920000000000012,0.043333359367594144,-3.13280240576187e-07
1.5940000000000012,0.043333358749274915,-3.091596152246407e-07
1.5960000000000012,0.043333358139088535,-3.050931891178118e-07
1.5980000000000012,0.04333335753692803,-3.0108024936551234e-07
1.6000000000000012,0.04333335694268785,-2.9712009246185e-07
1.6020000000000012,0.0433333563562638,-2.9321202413668687e-07
1.6040000000000012,0.04333335577755308,-2.8935535926430746e-07
1.6060000000000012,0.04333335520645424,-2.8554942171919077e-07
1.6080000000000012,0.04333335464286715,-2.817935442875229e-07
1.6100000000000012,0.04333335408669302,-2.780870685236383e-07
1.6120000000000012,0.04333335353783433,-2.7442934462274583e-07
1.6140000000000012,0.04333335299619487,-2.708197313602873e-07
1.6160000000000012,0.04333335246167968,-2.67257595915908e-07
1.6180000000000012,0.043333351934195054,-2.6374231381455784e-07
1.6200000000000012,0.04333335141364852,-2.602732687853065e-07
1.6220000000000012,0.04333335089994881,-2.5684985266811234e-07
1.6240000000000012,0.04333335039300588,-2.534714652837865e-07
1.6260000000000012,0.04333334989273085,-2.501375143724225e-07
1.6280000000000012,0.04333334939903602,-2.4684741544840236e-07
1.6300000000000012,0.04333334891183484,-2.4360059173521376e-07
1.6320000000000012,0.04333334843104189,-2.403964740076942e-07
1.6340000000000012,0.04333334795657289,-2.3723450055910057e-07
1.6360000000000012,0.04333334748834466,-2.341141170580471e-07
1.6380000000000012,0.0433333470262751,-2.3103477646424064e-07
1.6400000000000012,0.043333346570283225,-2.2799593892997064e-07
1.6420000000000012,0.04333334612028908,-2.249970717074136e-07
1.6440000000000012,0.04333334567621378,-2.2203764906491493e-07
1.6460000000000012,0.04333334523797948,-2.1911715218728302e-07
1.6480000000000012,0.04333334480550934,-2.1623506907294774e-07
1.6500000000000012,0.04333334437872755,-2.1339089446233077e-07
1.6520000000000012,0.04333334395755929,-2.1058412973713124e-07
1.6540000000000012,0.043333343541930726,-2.0781428283862432e-07
1.6560000000000012,0.04333334313176899,-2.0508086818073481e-07
1.6580000000000013,0.04333334272700218,-2.0238340656936036e-07
1.6600000000000013,0.04333334232755933,-1.9972142510382276e-07
1.6620000000000013,0.04333334193337041,-1.9709445711035968e-07
1.6640000000000013,0.04333334154436633,-1.9450204204327126e-07
1.6660000000000013,0.04333334116047888,-1.9194372542766958e-07
1.6680000000000013,0.04333334078164076,-1.8941905875961352e-07
1.6700000000000013,0.04333334040778556,-1.8692759943656694e-07
1.6720000000000013,0.043333340038847735,-1.844689106895133e-07
1.6740000000000013,0.04333333967476261,-1.8204256146561452e-07
1.6760000000000013,0.04333333931546636,-1.796481263952922e-07
1.6780000000000013,0.04333333896089599,-1.7728518571439434e-07
1.6800000000000013,0.043333338610989335,-1.749533251790976e-07
1.6820000000000013,0.04333333826568506,-1.7265213597556992e-07
1.6840000000000013,0.04333333792492263,-1.703812146797888e-07
1.6860000000000013,0.04333333758864231,-1.681401631810268e-07
1.6880000000000013,0.04333333725678513,-1.6592858858995749e-07
1.6900000000000013,0.04333333692929292,-1.637461031945883e-07
1.6920000000000013,0.043333336606108275,-1.6159232438288853e-07
1.6940000000000013,0.04333333628717453,-1.59466874569864e-07
1.6960000000000013,0.043333335972435764,-1.5736938114888543e-07
1.6980000000000013,0.043333335661836815,-1.5529947638829507e-07
1.7000000000000013,0.04333333535532322,-1.5325679742291229e-07
1.7020000000000013,0.04333333505284125,-1.5124098615045873e-07
1.7040000000000013,0.04333333475433787,-1.4925168917047793e-07
1.7060000000000013,0.04333333445976076,-1.4728855772298627e-07
1.7080000000000013,0.04333333416905826,-1.453512476609918e-07
1.7100000000000013,0.04333333388217942,-1.434394193426604e-07
1.7120000000000013,0.043333333599073945,-1.4155273760840288e-07
1.7140000000000013,0.043333333319692205,-1.396908717091937e-07
1.7160000000000013,0.04333333304398521,-1.3785349522711794e-07
1.7180000000000013,0.04333333277190464,-1.3604028605319586e-07
1.7200000000000013,0.04333333250340279,-1.3425092630679454e-07
1.7220000000000013,0.04333333223843258,-1.3248510230138863e-07
1.7240000000000013,0.043333331976947574,-1.3074250446434534e-07
1.7260000000000013,0.04333333171890192,-1.2902282729282806e-07
1.7280000000000013,0.043333331464250384,-1.2732576930851912e-07
1.7300000000000013,0.043333331212948314,-1.2565103300810847e-07
1.7320000000000013,0.043333330964951663,-1.239983247841271e-07
1.7340000000000013,0.04333333072021695,-1.2236735488956664e-07
1.7360000000000013,0.043333330478701276,-1.2075783740065648e-07
1.7380000000000013,0.043333330240362296,-1.1916949015389353e-07
1.7400000000000013,0.043333330005158224,-1.1760203469627012e-07
1.7420000000000013,0.04333332977304783,-1.1605519623309899e-07
1.7440000000000013,0.043333329543990426,-1.1452870358634306e-07
1.7460000000000013,0.04333332931794585,-1.1302228914016364e-07
1.7480000000000013,0.043333329094874466,-1.1153568880658005e-07
1.7500000000000013,0.04333332887473718,-1.100686419664766e-07
1.7520000000000013,0.0433333286574954,-1.0862089142207348e-07
1.7540000000000013,0.04333332844311104,-1.0719218337868997e-07
1.7560000000000013,0.0433333282315465,-1.0578226736800722e-07
1.7580000000000013,0.04333332802276471,-1.0439089620515383e-07
1.7600000000000013,0.04333332781672906,-1.0301782597716197e-07
1.7620000000000013,0.04333332761340342,-1.0166281595789482e-07
1.7640000000000013,0.043333327412752164,-1.0032562860425388e-07
1.7660000000000013,0.043333327214740106,-9.900602948788164e-08
1.7680000000000013,0.04333332701933253,-9.770378727318681e-08
1.7700000000000014,0.04333332682649518,-9.641867365592821e-08
1.7720000000000014,0.043333326636194255,-9.515046334649434e-08
1.7740000000000014,0.04333332644839639,-9.389893400291738e-08
1.7760000000000014,0.043333326263068656,-9.266386622897124e-08
1.7780000000000014,0.04333332608017857,-9.144504349954227e-08
1.7800000000000014,0.04333332589969407,-9.024225215219883e-08
1.7820000000000014,0.04333332572158351,-8.905528130792167e-08
1.7840000000000014,0.04333332554581566,-8.78839228890615e-08
1.7860000000000014,0.04333332537235972,-8.672797153066774e-08
1.7880000000000014,0.04333332520118527,-8.558722459180296e-08
1.7900000000000014,0.0433333250322623,-8.44614820801639e-08
1.7920000000000014,0.04333332486556121,-8.335054663386612e-08
1.7940000000000014,0.043333324701052764,-8.225422350666759e-08
1.7960000000000014,0.043333324538708126,-8.11723204819118e-08
1.7980000000000014,0.04333332437849883,-8.010464790824919e-08
1.8000000000000014,0.04333332422039679,-7.905101860177935e-08
1.8020000000000014,0.0433333240643743,-7.801124785253434e-08
1.8040000000000014,0.04333332391040399,-7.698515337435006e-08
1.8060000000000014,0.04333332375845888,-7.597255527829331e-08
1.8080000000000014,0.043333323608512324,-7.497327605831569e-08
1.8100000000000014,0.043333323460538045,-7.398714050816784e-08
1.8120000000000014,0.04333332331451009,-7.301397575854777e-08
1.8140000000000014,0.04333332317040287,-7.205361120170387e-08
1.8160000000000014,0.043333323028191116,-7.110587847320485e-08
1.8180000000000014,0.04333332288784989,-7.017061143584045e-08
1.8200000000000014,0.0433333227493546,-6.924764610527324e-08
1.8220000000000014,0.043333322612680955,-6.833682069361974e-08
1.8240000000000014,0.043333322477805004,-6.74379755081365e-08
1.8260000000000014,0.0433333223447031,-6.655095297521944e-08
1.8280000000000014,0.043333322213351906,-6.56755975953082e-08
1.8300000000000014,0.04333332208372839,-6.48117559082694e-08
1.8320000000000014,0.04333332195580984,-6.395927646302088e-08
1.8340000000000014,0.04333332182957382,-6.311800982664701e-08
1.8360000000000014,0.04333332170499821,-6.228780850592553e-08
1.8380000000000014,0.04333332158206115,-6.146852695839279e-08
1.8400000000000014,0.043333321460741106,-6.066002154888165e-08
1.8420000000000014,0.043333321341016806,-5.986215053425626e-08
1.8440000000000014,0.04333332122286726,-5.907477405201153e-08
1.8460000000000014,0.04333332110627175,-5.829775405793079e-08
1.8480000000000014,0.04333332099120984,-5.753095432860621e-08
1.8500000000000014,0.043333320877661355,-5.677424043136471e-08
1.8520000000000014,0.04333332076560639,-5.6027479721174174e-08
1.8540000000000014,0.043333320655025306,-5.5290541265047744e-08
1.8560000000000014,0.04333332054589872,-5.4563295884939976e-08
1.8580000000000014,0.043333320438207486,-5.384561607750832e-08
1.8600000000000014,0.04333332033193273,-5.313737603357884e-08
1.8620000000000014,0.04333332022705583,-5.2438451578884515e-08
1.8640000000000014,0.04333332012355839,-5.174872019088338e-08
1.8660000000000014,0.04333332002142227,-5.106806095865229e-08
1.8680000000000014,0.04333331992062956,-5.0396354550351806e-08
1.8700000000000014,0.04333331982116259,-4.9733483198303705e-08
1.8720000000000014,0.04333331972300393,-4.907933069671776e-08
1.8740000000000014,0.04333331962613637,-4.84337823680567e-08
1.8760000000000014,0.04333331953054292,-4.779672504722174e-08
1.8780000000000014,0.04333331943620682,-4.7168047046764525e-08
1.8800000000000014,0.04333331934311155,-4.654763813948188e-08
1.8820000000000014,0.043333319251240766,-4.59353895767425e-08
1.8840000000000015,0.04333331916057838,-4.533119401715808e-08
1.8860000000000015,0.04333331907110849,-4.4734945534595596e-08
1.8880000000000015,0.04333331898281541,-4.414653961156727e-08
1.8900000000000015,0.04333331889568366,-4.3565873083068644e-08
1.8920000000000015,0.04333331880969797,-4.2992844153616965e-08
1.8940000000000015,0.043333318724843264,-4.2427352357651535e-08
1.8960000000000015,0.043333318641104665,-4.1869298570998864e-08
1.8980000000000015,0.0433333185584675,-4.131858495626416e-08
1.9000000000000015,0.043333318476917265,-4.0775114960154425e-08
1.9020000000000015,0.043333318396439675,-4.0238793312618034e-08
1.9040000000000015,0.04333331831702062,-3.9709525993044765e-08
1.9060000000000015,0.04333331823864618,-3.918722020448521e-08
1.9080000000000015,0.04333331816130261,-3.867178439337668e-08
1.9100000000000015,0.043333318084976355,-3.816312819311469e-08
1.9120000000000015,0.04333331800965403,-3.766116242940424e-08
1.9140000000000015,0.043333317935322434,-3.716579910526423e-08
1.9160000000000015,0.043333317861968534,-3.667695137739172e-08
1.9180000000000015,0.04333331778957947,-3.619453354813121e-08
1.9200000000000015,0.04333331771814255,-3.571846103667348e-08
1.9220000000000015,0.043333317647645246,-3.5248650378305575e-08
1.9240000000000015,0.04333331757807521,-3.478501922281904e-08
1.9260000000000015,0.04333331750942024,-3.432748628078015e-08
1.9280000000000015,0.043333317441668295,-3.387597134352471e-08
1.9300000000000015,0.04333331737480751,-3.3430395246612014e-08
1.9320000000000015,0.04333331730882615,-3.299067989196084e-08
1.9340000000000015,0.04333331724371265,-3.255674818321601e-08
1.9360000000000015,0.0433333171794556,-3.21285240450914e-08
1.9380000000000015,0.04333331711604373,-3.170593240989248e-08
1.9400000000000015,0.043333317053465936,-3.128889918298575e-08
1.9420000000000015,0.04333331699171123,-3.087735125837622e-08
1.9440000000000015,0.0433333169307688,-3.047121648972106e-08
1.9460000000000015,0.04333331687062795,-3.007042368615201e-08
1.9480000000000015,0.043333316811278146,-2.9674902568574126e-08
1.9500000000000015,0.043333316752708975,-2.928458380631729e-08
1.9520000000000015,0.043333316694910175,-2.8899398964278153e-08
1.9540000000000015,0.04333331663787161,-2.8519280521655543e-08
1.9560000000000015,0.04333331658158329,-2.8144161836349336e-08
1.9580000000000015,0.04333331652603534,-2.7773977145248836e-08
1.9600000000000015,0.04333331647121801,-2.740866155627313e-08
1.9620000000000015,0.04333331641712171,-2.7048151019627775e-08
1.9640000000000015,0.04333331636373695,-2.669238233595045e-08
1.9660000000000015,0.04333331631105436,-2.63412931432546e-08
1.9680000000000015,0.04333331625906472,-2.599482188372359e-08
1.9700000000000015,0.043333316207758904,-2.5652907818724102e-08
1.9720000000000015,0.043333316157127925,-2.531549100132877e-08
1.9740000000000015,0.0433333161071629,-2.498251228286708e-08
1.9760000000000015,0.04333331605785507,-2.4653913287759607e-08
1.9780000000000015,0.0433333160091958,-2.43296364035907e-08
1.9800000000000015,0.04333331596117655,-2.4009624795013832e-08
1.9820000000000015,0.04333331591378891,-2.3693822349811458e-08
1.9840000000000015,0.04333331586702456,-2.338217370035797e-08
1.9860000000000015,0.04333331582087531,-2.307462421874445e-08
1.9880000000000015,0.04333331577533307,-2.277111997152851e-08
1.9900000000000015,0.04333331573038986,-2.247160777676007e-08
1.9920000000000015,0.043333315686037786,-2.2176035114885094e-08
1.9940000000000015,0.04333331564226909,-2.1884350160034618e-08
1.9960000000000016,0.043333315599076085,-2.159650178574271e-08
1.9980000000000016,0.04333331555645121,-2.1312439526978696e-08
2.0000000000000013,0.04333331551438698,-2.103211359064212e-08
2.002000000000001,0.043333315472876034,-2.075547482409215e-08
2.004000000000001,0.04333331543191109,-2.0482474740089823e-08
2.0060000000000007,0.04333331539148496,-2.0213065464273483e-08
2.0080000000000005,0.04333331535159056,-1.9947199776451115e-08
2.0100000000000002,0.0433333153122209,-1.9684831061507006e-08
2.012,0.043333315273369075,-1.9425913329552647e-08
2.014,0.04333331523502827,-1.9170401182456976e-08
2.0159999999999996,0.043333315197191774,-1.8918249817502488e-08
2.0179999999999993,0.04333331515985294,-1.8669415050671172e-08
2.019999999999999,0.043333315123005235,-1.842385324180068e-08
2.021999999999999,0.04333331508664219,-1.8181521338418485e-08
2.0239999999999987,0.04333331505075744,-1.7942376869678205e-08
2.0259999999999985,0.04333331501534468,-1.7706377898834208e-08
2.0279999999999982,0.04333331498039771,-1.7473483069245015e-08
2.029999999999998,0.04333331494591041,-1.7243651536815286e-08
2.031999999999998,0.043333314911876725,-1.7016843019740443e-08
2.0339999999999976,0.04333331487829069,-1.679301774479906e-08
2.0359999999999974,0.043333314845146416,-1.6572136476542475e-08
2.037999999999997,0.043333314812438094,-1.635416049967869e-08
2.039999999999997,0.04333331478015999,-1.613905159429405e-08
2.0419999999999967,0.04333331474830644,-1.5926772057375588e-08
2.0439999999999965,0.04333331471687187,-1.5717284657671915e-08
2.0459999999999963,0.04333331468585077,-1.551055268232146e-08
2.047999999999996,0.04333331465523769,-1.530653989143227e-08
2.049999999999996,0.043333314625027264,-1.510521051302689e-08
2.0519999999999956,0.0433333145952142,-1.490652924844595e-08
2.0539999999999954,0.04333331456579328,-1.471046126657177e-08
2.055999999999995,0.043333314536759336,-1.4516972199797868e-08
2.057999999999995,0.04333331450810728,-1.4326028129288389e-08
2.0599999999999947,0.043333314479832095,-1.4137595574003392e-08
2.0619999999999945,0.04333331445192881,-1.3951641512275807e-08
2.0639999999999943,0.04333331442439255,-1.376813332688443e-08
2.065999999999994,0.04333331439721847,-1.3587038864389678e-08
2.067999999999994,0.04333331437040182,-1.3408326368558868e-08
2.0699999999999936,0.04333331434393789,-1.3231964500100854e-08
2.0719999999999934,0.043333314317822044,-1.3057922351036554e-08
2.073999999999993,0.04333331429204971,-1.2886169396052351e-08
2.075999999999993,0.04333331426661636,-1.2716675545131968e-08
2.0779999999999927,0.04333331424151754,-1.2549411071543385e-08
2.0799999999999925,0.043333314216748846,-1.2384346658952638e-08
2.0819999999999923,0.04333331419230594,-1.2221453365574263e-08
2.083999999999992,0.043333314168184534,-1.2060702626880088e-08
2.085999999999992,0.0433333141443804,-1.190206626762889e-08
2.0879999999999916,0.043333314120889366,-1.1745516481473031e-08
2.0899999999999914,0.04333331409770731,-1.1591025812776083e-08
2.091999999999991,0.043333314074830175,-1.1438567185452414e-08
2.093999999999991,0.04333331405225395,-1.128811387261306e-08
2.0959999999999908,0.04333331402997467,-1.1139639493900299e-08
2.0979999999999905,0.043333314007988434,-1.0993118032989934e-08
2.0999999999999903,0.04333331398629139,-1.0848523780014179e-08
2.10199999999999,0.04333331396487972,-1.0705831399563135e-08
2.10399999999999,0.04333331394374969,-1.0565015879988854e-08
2.1059999999999897,0.04333331392289758,-1.0426052525709154e-08
2.1079999999999894,0.04333331390231975,-1.028891697980547e-08
2.109999999999989,0.04333331388201258,-1.0153585203681365e-08
2.111999999999989,0.04333331386197251,-1.0020033457611315e-08
2.1139999999999888,0.04333331384219603,-9.888238349526396e-09
2.1159999999999886,0.04333331382267968,-9.75817675857011e-09
2.1179999999999883,0.04333331380342003,-9.629825889105317e-09
2.119999999999988,0.043333313784413706,-9.503163239800994e-09
2.121999999999988,0.043333313765657376,-9.378166611656546e-09
2.1239999999999877,0.043333313747147745,-9.254814082392645e-09
2.1259999999999875,0.04333331372888158,-9.133084026971855e-09
2.1279999999999872,0.04333331371085567,-9.012955103437782e-09
2.129999999999987,0.04333331369306686,-8.8944062624029e-09
2.131999999999987,0.04333331367551203,-8.777416712794418e-09
2.1339999999999866,0.04333331365818809,-8.661965946177312e-09
2.1359999999999864,0.043333313641092025,-8.548033715190415e-09
2.137999999999986,0.043333313624220826,-8.435600057348576e-09
2.139999999999986,0.04333331360757153,-8.324645251097576e-09
2.1419999999999857,0.04333331359114123,-8.215149854889706e-09
2.1439999999999855,0.04333331357492704,-8.107094664485649e-09
2.1459999999999853,0.04333331355892612,-8.000460741242976e-09
2.147999999999985,0.04333331354313566,-7.895229393769099e-09
2.149999999999985,0.043333313527552896,-7.791382172869931e-09
2.1519999999999846,0.04333331351217509,-7.688900867779841e-09
2.1539999999999844,0.04333331349699956,-7.58776751293553e-09
2.155999999999984,0.04333331348202363,-7.48796438462217e-09
2.157999999999984,0.04333331346724468,-7.389473986126236e-09
2.1599999999999837,0.04333331345266012,-7.292279046178825e-09
2.1619999999999835,0.0433333134382674,-7.196362529819255e-09
2.1639999999999833,0.043333313424063984,-7.10170761377831e-09
2.165999999999983,0.04333331341004739,-7.008297710098053e-09
2.167999999999983,0.043333313396215156,-6.9161164420310086e-09
2.1699999999999826,0.04333331338256486,-6.825147656935316e-09
2.1719999999999824,0.04333331336909411,-6.7353753941292925e-09
2.173999999999982,0.04333331335580054,-6.646783911252788e-09
2.175999999999982,0.043333313342681826,-6.559357696475436e-09
2.1779999999999817,0.04333331332973566,-6.4730814128520935e-09
2.1799999999999815,0.04333331331695978,-6.387939929218478e-09
2.1819999999999813,0.043333313304351945,-6.3039183337835734e-09
2.183999999999981,0.04333331329190994,-6.2210018815743315e-09
2.185999999999981,0.04333331327963159,-6.139176036686459e-09
2.1879999999999806,0.04333331326751473,-6.058426463625217e-09
2.1899999999999804,0.043333313255557254,-5.9787390009441444e-09
2.19199999999998,0.043333313243757055,-5.900099679844539e-09
2.19399999999998,0.043333313232112064,-5.822494719599353e-09
2.1959999999999797,0.04333331322062024,-5.74591050253777e-09
2.1979999999999795,0.04333331320927958,-5.670333616022871e-09
2.1999999999999793,0.04333331319808808,-5.595750803914235e-09
2.201999999999979,0.04333331318704378,-5.52214899962393e-09
2.203999999999979,0.04333331317614475,-5.449515290006093e-09
2.2059999999999786,0.043333313165389076,-5.377836939157303e-09
2.2079999999999784,0.04333331315477487,-5.307101386420869e-09
2.209999999999978,0.04333331314430028,-5.237296233624654e-09
2.211999999999978,0.04333331313396346,-5.1684092360390525e-09
2.2139999999999778,0.0433333131237626,-5.100428314706333e-09
2.2159999999999775,0.04333331311369592,-5.033341556610272e-09
2.2179999999999773,0.04333331310376164,-4.967137204981545e-09
2.219999999999977,0.043333313093958034,-4.901803650122242e-09
2.221999999999977,0.04333331308428338,-4.837329432777926e-09
2.2239999999999767,0.04333331307473597,-4.773703258016363e-09
2.2259999999999764,0.04333331306531414,-4.710913975023117e-09
2.227999999999976,0.04333331305601624,-4.648950559400284e-09
2.229999999999976,0.043333313046840634,-4.587802163699498e-09
2.231999999999976,0.04333331303778572,-4.527458062059719e-09
2.2339999999999756,0.0433333130288499,-4.467907669533238e-09
2.2359999999999753,0.04333331302003162,-4.409140557763449e-09
2.237999999999975,0.043333313011329325,-4.3511464247689415e-09
2.239999999999975,0.04333331300274149,-4.293915092390266e-09
2.2419999999999747,0.04333331299426662,-4.237436534698595e-09
2.2439999999999745,0.04333331298590322,-4.181700840081711e-09
2.2459999999999742,0.04333331297764982,-4.126698250623789e-09
2.247999999999974,0.04333331296950498,-4.072419124570166e-09
2.249999999999974,0.04333331296146727,-4.0188539337357995e-09
2.2519999999999736,0.043333312953535284,-3.9659932951602755e-09
2.2539999999999734,0.04333331294570763,-3.913827943693101e-09
2.255999999999973,0.04333331293798293,-3.862348730074141e-09
2.257999999999973,0.04333331293035984,-3.811546631830585e-09
2.2599999999999727,0.043333312922837014,-3.761412738191737e-09
2.2619999999999725,0.04333331291541314,-3.7119382719365934e-09
2.2639999999999723,0.04333331290808691,-3.663114553039862e-09
2.265999999999972,0.04333331290085704,-3.614933022930237e-09
2.267999999999972,0.04333331289372227,-3.5673852205797546e-09
2.2699999999999716,0.043333312886681345,-3.5204628279996114e-09
2.2719999999999714,0.04333331287973303,-3.474157611119392e-09
2.273999999999971,0.043333312872876104,-3.4284614563839885e-09
2.275999999999971,0.04333331286610937,-3.3833663483311265e-09
2.2779999999999707,0.04333331285943164,-3.3388643815538582e-09
2.2799999999999705,0.04333331285284175,-3.2949477622113197e-09
2.2819999999999703,0.04333331284633853,-3.2516087859846712e-09
2.28399999999997,0.043333312839920854,-3.2088398526407652e-09
2.28599999999997,0.04333331283358759,-3.1666334680143387e-09
2.2879999999999696,0.04333331282733762,-3.1249822334895895e-09
2.2899999999999694,0.04333331282116986,-3.0838788391060677e-09
2.291999999999969,0.04333331281508323,-3.0433160779582144e-09
2.293999999999969,0.04333331280907666,-3.003286848044394e-09
2.2959999999999687,0.04333331280314909,-2.963784142295941e-09
2.2979999999999685,0.04333331279729949,-2.9248010100085425e-09
2.2999999999999683,0.04333331279152683,-2.8863306405915262e-09
2.301999999999968,0.043333312785830094,-2.8483662741916835e-09
2.303999999999968,0.04333331278020829,-2.8109012547138784e-09
2.3059999999999676,0.04333331277466043,-2.7739290210496255e-09
2.3079999999999674,0.04333331276918555,-2.737443088818292e-09
2.309999999999967,0.043333312763782675,-2.7014370568582633e-09
2.311999999999967,0.04333331275845086,-2.6659046233081984e-09
2.3139999999999668,0.04333331275318918,-2.6308395455585007e-09
2.3159999999999665,0.04333331274799671,-2.59623569199239e-09
2.3179999999999663,0.04333331274287254,-2.5620869892423987e-09
2.319999999999966,0.043333312737815766,-2.5283874433130142e-09
2.321999999999966,0.0433333127328255,-2.495131155732687e-09
2.3239999999999656,0.04333331272790088,-2.4623122943781346e-09
2.3259999999999654,0.04333331272304103,-2.429925102908143e-09
2.327999999999965,0.0433333127182451,-2.3979639067777846e-09
2.329999999999965,0.043333312713512255,-2.366423108285081e-09
2.3319999999999648,0.04333331270884166,-2.335297161577302e-09
2.3339999999999645,0.0433333127042325,-2.3045806264449163e-09
2.3359999999999643,0.04333331269968396,-2.274268105444767e-09
2.337999999999964,0.043333312695195254,-2.244354288593188e-09
2.339999999999964,0.04333331269076559,-2.2148339368558824e-09
2.3419999999999637,0.04333331268639418,-2.1857018792422013e-09
2.3439999999999634,0.04333331268208028,-2.156952989144783e-09
2.3459999999999632,0.043333312677823116,-2.1285822398706337e-09
2.347999999999963,0.04333331267362195,-2.100584663165709e-09
2.349999999999963,0.043333312669476036,-2.072955339821829e-09
2.3519999999999626,0.043333312665384656,-2.0456894310579722e-09
2.3539999999999623,0.043333312661347094,-2.0187821531776964e-09
2.355999999999962,0.043333312657362635,-1.992228788801495e-09
2.357999999999962,0.043333312653430586,-1.9660246841800765e-09
2.3599999999999617,0.04333331264955025,-1.9401652473425798e-09
2.3619999999999615,0.04333331264572096,-1.9146459370898602e-09
2.3639999999999612,0.04333331264194204,-1.8894622950332057e-09
2.365999999999961,0.04333331263821282,-1.8646098988264315e-09
2.367999999999961,0.043333312634532654,-1.8400843858418942e-09
2.3699999999999606,0.04333331263090089,-1.8158814638558032e-09
2.3719999999999604,0.0433333126273169,-1.7919968869423161e-09
2.37399999999996,0.04333331262378005,-1.768426467709095e-09
2.37599999999996,0.043333312620289714,-1.745166076407643e-09
2.3779999999999597,0.04333331261684529,-1.7222116303793628e-09
2.3799999999999595,0.04333331261344617,-1.6995591058138695e-09
2.3819999999999593,0.04333331261009176,-1.6772045272954338e-09
2.383999999999959,0.04333331260678147,-1.6551439891472237e-09
2.385999999999959,0.04333331260351472,-1.6333736114587132e-09
2.3879999999999586,0.04333331260029094,-1.6118895873325021e-09
2.3899999999999584,0.04333331259710956,-1.5906881379658878e-09
2.391999999999958,0.04333331259397003,-1.5697655486426846e-09
2.393999999999958,0.043333312590871795,-1.5491181681062598e-09
2.3959999999999577,0.04333331258781431,-1.528742364133619e-09
2.3979999999999575,0.04333331258479704,-1.508634562220942e-09
2.3999999999999573,0.04333331258181946,-1.4887912451753888e-09
2.401999999999957,0.04333331257888104,-1.4692089321362753e-09
2.403999999999957,0.04333331257598127,-1.4498841815487176e-09
2.4059999999999566,0.04333331257311964,-1.4308136155345905e-09
2.4079999999999564,0.04333331257029565,-1.4119938865688008e-09
2.409999999999956,0.04333331256750881,-1.393421693380327e-09
2.411999999999956,0.04333331256475862,-1.3750937928683156e-09
2.4139999999999557,0.043333312562044604,-1.3570069570024076e-09
2.4159999999999555,0.04333331255936629,-1.3391580233996143e-09
2.4179999999999553,0.0433333125567232,-1.3215438613008548e-09
2.419999999999955,0.04333331255411488,-1.304161376416623e-09
2.421999999999955,0.04333331255154086,-1.287007524690151e-09
2.4239999999999546,0.043333312549000705,-1.2700793028147498e-09
2.4259999999999544,0.04333331254649396,-1.2533737411967141e-09
2.427999999999954,0.04333331254402018,-1.2368879175833764e-09
2.429999999999954,0.04333331254157895,-1.2206189379663542e-09
2.4319999999999538,0.04333331253916982,-1.2045639420652032e-09
2.4339999999999535,0.04333331253679238,-1.188720117935873e-09
2.4359999999999533,0.04333331253444621,-1.1730846918628052e-09
2.437999999999953,0.0433333125321309,-1.1576549224533325e-09
2.439999999999953,0.04333331252984605,-1.142428104040433e-09
2.4419999999999527,0.04333331252759125,-1.1274015710818358e-09
2.4439999999999524,0.043333312525366104,-1.1125726902577497e-09
2.445999999999952,0.04333331252317023,-1.0979388540603387e-09
2.447999999999952,0.04333331252100323,-1.0834974972242563e-09
2.4499999999999518,0.04333331251886474,-1.0692460887523374e-09
2.4519999999999516,0.043333312516754374,-1.0551821257743822e-09
2.4539999999999513,0.04333331251467177,-1.0413031485574494e-09
2.455999999999951,0.04333331251261656,-1.0276067218749277e-09
2.457999999999951,0.043333312510588376,-1.0140904520112753e-09
2.4599999999999507,0.04333331250858687,-1.000751957294877e-09
2.4619999999999505,0.043333312506611696,-9.875889077753176e-10
2.4639999999999502,0.0433333125046625,-9.745989954675319e-10
2.46599999999995,0.04333331250273894,-9.61779939054316e-10
2.46799999999995,0.04333331250084068,-9.491295011385085e-10
2.4699999999999496,0.04333331249896739,-9.366454583210942e-10
2.4719999999999493,0.043333312497118734,-9.243256093741659e-10
2.473999999999949,0.0433333124952944,-9.121678021909915e-10
2.475999999999949,0.043333312493494064,-9.001699140254707e-10
2.4779999999999487,0.0433333124917174,-8.883298361173635e-10
2.4799999999999485,0.04333331248996411,-8.766454910443236e-10
2.4819999999999482,0.04333331248823388,-8.651148376215596e-10
2.483999999999948,0.04333331248652641,-8.537358434134169e-10
2.485999999999948,0.043333312484841395,-8.425065145449125e-10
2.4879999999999476,0.043333312483178545,-8.314248877669782e-10
2.4899999999999474,0.043333312481537566,-8.204890253305524e-10
2.491999999999947,0.043333312479918173,-8.096969990296296e-10
2.493999999999947,0.04333331247832008,-7.990469208461449e-10
2.4959999999999467,0.043333312476743005,-7.885369238925772e-10
2.4979999999999465,0.043333312475186674,-7.781651692384958e-10
2.4999999999999463,0.04333331247365081,-7.679298409607164e-10
2.501999999999946,0.043333312472135156,-7.57829130656921e-10
2.503999999999946,0.043333312470639436,-7.478612887922297e-10
2.5059999999999456,0.04333331246916339,-7.380245509879745e-10
2.5079999999999454,0.043333312467706754,-7.283172030946417e-10
2.509999999999945,0.04333331246626928,-7.187375304145052e-10
2.511999999999945,0.04333331246485071,-7.092838587727562e-10
2.5139999999999447,0.043333312463450804,-6.999545376910553e-10
2.5159999999999445,0.043333312462069305,-6.907479244433067e-10
2.5179999999999443,0.04333331246070598,-6.816624038954026e-10
2.519999999999944,0.04333331245936058,-6.726963934565342e-10
2.521999999999944,0.04333331245803289,-6.638483061281811e-10
2.5239999999999436,0.04333331245672265,-6.551166031192716e-10
2.5259999999999434,0.04333331245542965,-6.464997431227217e-10
2.527999999999943,0.04333331245415366,-6.379962247412585e-10
2.529999999999943,0.04333331245289445,-6.296045471625758e-10
2.5319999999999427,0.043333312451651805,-6.213232523275117e-10
2.5339999999999425,0.0433333124504255,-6.131508853961962e-10
2.5359999999999423,0.04333331244921533,-6.050860147880222e-10
2.537999999999942,0.04333331244802108,-5.971272179586552e-10
2.539999999999942,0.043333312446842534,-5.892731101741396e-10
2.5419999999999416,0.04333331244567949,-5.815223062378559e-10
2.5439999999999414,0.043333312444531744,-5.738734530242308e-10
2.545999999999941,0.043333312443399094,-5.663252116258609e-10
2.547999999999941,0.04333331244228134,-5.58876244509509e-10
2.5499999999999408,0.043333312441178294,-5.515252578630426e-10
2.5519999999999405,0.043333312440089755,-5.442709612233734e-10
2.5539999999999403,0.04333331243901553,-5.371120874919336e-10
2.55599999999994,0.043333312437955435,-5.300473793472982e-10
2.55799999999994,0.043333312436909285,-5.230755857608047e-10
2.5599999999999397,0.043333312435876896,-5.161954932550094e-10
2.5619999999999394,0.043333312434858086,-5.094058981672843e-10
2.563999999999939,0.043333312433852675,-5.027056034860657e-10
2.565999999999939,0.04333331243286049,-4.960934398816984e-10
2.5679999999999388,0.043333312431881356,-4.895682490098575e-10
2.5699999999999386,0.0433333124309151,-4.831288929087371e-10
2.5719999999999383,0.04333331242996155,-4.767742281926954e-10
2.573999999999938,0.04333331242902055,-4.705031496824814e-10
2.575999999999938,0.043333312428091915,-4.643145514019545e-10
2.5779999999999377,0.0433333124271755,-4.582073473762062e-10
2.5799999999999375,0.04333331242627114,-4.5218047932677647e-10
2.5819999999999372,0.043333312425378676,-4.462328793246413e-10
2.583999999999937,0.04333331242449795,-4.4036351323511376e-10
2.585999999999937,0.043333312423628804,-4.3457134385841173e-10
2.5879999999999366,0.043333312422771095,-4.288553616604514e-10
2.5899999999999364,0.04333331242192467,-4.2321455988580216e-10
2.591999999999936,0.04333331242108937,-4.176479540253552e-10
2.593999999999936,0.043333312420265065,-4.121545674568103e-10
2.5959999999999357,0.0433333124194516,-4.0673344077130495e-10
2.5979999999999355,0.04333331241864883,-4.013836177084976e-10
2.5999999999999353,0.04333331241785662,-3.9610415472218277e-10
2.601999999999935,0.04333331241707483,-3.908941402110996e-10
2.603999999999935,0.043333312416303324,-3.857526462099363e-10
2.6059999999999346,0.04333331241554197,-3.806787734293086e-10
2.6079999999999344,0.043333312414790624,-3.7567164584247543e-10
2.609999999999934,0.04333331241404916,-3.707303745030565e-10
2.611999999999934,0.043333312413317455,-3.6585409243030116e-10
2.6139999999999337,0.04333331241259537,-3.610419596392889e-10
2.6159999999999335,0.04333331241188279,-3.5629311707716455e-10
2.6179999999999333,0.043333312411179575,-3.5160674233351626e-10
2.619999999999933,0.04333331241048561,-3.469820004446117e-10
2.621999999999933,0.043333312409800775,-3.4241808886949015e-10
2.6239999999999326,0.04333331240912495,-3.3791421006619674e-10
2.6259999999999324,0.04333331240845801,-3.3346956989261586e-10
2.627999999999932,0.04333331240779984,-3.290833995788042e-10
2.629999999999932,0.04333331240715033,-3.2475491750777816e-10
2.6319999999999317,0.04333331240650937,-3.2048336441481864e-10
2.6339999999999315,0.04333331240587683,-3.162679991679335e-10
2.6359999999999313,0.043333312405252615,-3.1210807338620555e-10
2.637999999999931,0.04333331240463661,-3.0800286525457586e-10
2.639999999999931,0.043333312404028705,-3.039516528779726e-10
2.6419999999999306,0.043333312403428796,-2.9995373559958794e-10
2.6439999999999304,0.04333331240283678,-2.960083985284883e-10
2.64599999999993,0.04333331240225255,-2.921149466898011e-10
2.64799999999993,0.043333312401676004,-2.882727117527859e-10
2.6499999999999297,0.04333331240110704,-2.84481015210213e-10
2.6519999999999295,0.04333331240054556,-2.8073919160259793e-10
2.6539999999999293,0.04333331239999147,-2.7704657556740323e-10
2.655999999999929,0.043333312399444664,-2.734025329561445e-10
2.657999999999929,0.043333312398905054,-2.698064241343061e-10
2.6599999999999286,0.043333312398372535,-2.6625762533691484e-10
2.6619999999999284,0.043333312397847025,-2.6275549453736773e-10
2.663999999999928,0.043333312397328426,-2.592994270055998e-10
2.665999999999928,0.04333331239681665,-2.558888171320425e-10
2.6679999999999278,0.0433333123963116,-2.525230690813669e-10
2.6699999999999275,0.0433333123958132,-2.492015946196155e-10
2.6719999999999273,0.04333331239532135,-2.4592381233473876e-10
2.673999999999927,0.043333312394835975,-2.4268913487785426e-10
2.675999999999927,0.04333331239435698,-2.394970025303393e-10
2.6779999999999267,0.04333331239388429,-2.3634686684474435e-10
2.6799999999999264,0.04333331239341782,-2.3323816786939236e-10
2.681999999999926,0.04333331239295748,-2.3017035696777414e-10
2.683999999999926,0.043333312392503195,-2.2714289501027377e-10
2.685999999999926,0.04333331239205489,-2.241552610672256e-10
2.6879999999999256,0.04333331239161247,-2.2120691718233878e-10
2.6899999999999253,0.043333312391175875,-2.1829735353775314e-10
2.691999999999925,0.043333312390745025,-2.1542605233455573e-10
2.693999999999925,0.04333331239031984,-2.1259253059478054e-10
2.6959999999999247,0.04333331238990024,-2.0979627066180686e-10
2.6979999999999245,0.04333331238948617,-2.0703677951312554e-10
2.6999999999999242,0.04333331238907755,-2.0431359459776149e-10
2.701999999999924,0.04333331238867429,-2.0162622531770564e-10
2.703999999999924,0.04333331238827635,-1.9897421108879933e-10
2.7059999999999236,0.043333312387883634,-1.963570733962804e-10
2.7079999999999234,0.04333331238749608,-1.9377436145822817e-10
2.709999999999923,0.04333331238711363,-1.912256148716804e-10
2.711999999999923,0.04333331238673621,-1.8871039820295204e-10
2.7139999999999227,0.04333331238636375,-1.8622826349996063e-10
2.7159999999999225,0.04333331238599619,-1.8377877428629418e-10
2.7179999999999223,0.04333331238563347,-1.8136149225169937e-10
2.719999999999922,0.04333331238527552,-1.789760103723753e-10
2.721999999999922,0.04333331238492227,-1.7662191423077694e-10
2.7239999999999216,0.04333331238457368,-1.7429877325139132e-10
2.7259999999999214,0.04333331238422967,-1.720061968450105e-10
2.727999999999921,0.04333331238389018,-1.6974377343853448e-10
2.729999999999921,0.04333331238355516,-1.675111068825658e-10
2.7319999999999207,0.04333331238322454,-1.6530781222884288e-10
2.7339999999999205,0.043333312382898274,-1.63133494279025e-10
2.7359999999999203,0.043333312382576296,-1.6098776918411355e-10
2.73799999999992,0.04333331238225856,-1.5887026295746722e-10
2.73999999999992,0.043333312381944995,-1.5678061977301466e-10
2.7419999999999196,0.043333312381635555,-1.547184569138805e-10
2.7439999999999194,0.04333331238133019,-1.5268341147180515e-10
2.745999999999919,0.04333331238102884,-1.5067513660778318e-10
2.747999999999919,0.04333331238073145,-1.4869327787090704e-10
2.7499999999999187,0.04333331238043798,-1.4673749528299054e-10
2.7519999999999185,0.04333331238014836,-1.448074294710822e-10
2.7539999999999183,0.04333331237986256,-1.4290275743953969e-10
2.755999999999918,0.04333331237958051,-1.4102313359208364e-10
2.757999999999918,0.04333331237930217,-1.3916823529360243e-10
2.7599999999999176,0.043333312379027496,-1.373377277280041e-10
2.7619999999999174,0.043333312378756435,-1.3553129766082204e-10
2.763999999999917,0.04333331237848894,-1.3374862806198156e-10
2.765999999999917,0.043333312378224964,-1.319894093100295e-10
2.7679999999999167,0.04333331237796446,-1.3025333812131668e-10
2.7699999999999165,0.04333331237770738,-1.2854009505040933e-10
2.7719999999999163,0.04333331237745368,-1.2684938949188495e-10
2.773999999999916,0.043333312377203316,-1.251809227729261e-10
2.775999999999916,0.04333331237695625,-1.2353440081943672e-10
2.7779999999999156,0.04333331237671243,-1.2190954279241334e-10
2.7799999999999154,0.04333331237647182,-1.2030604745409046e-10
2.781999999999915,0.04333331237623437,-1.1872364978502706e-10
2.783999999999915,0.04333331237600004,-1.1716206170843104e-10
2.7859999999999148,0.043333312375768804,-1.156210072504646e-10
2.7879999999999145,0.043333312375540604,-1.1410023139871265e-10
2.7899999999999143,0.0433333123753154,-1.1259945419433768e-10
2.791999999999914,0.043333312375093164,-1.1111841640896795e-10
2.793999999999914,0.04333331237487385,-1.0965685629458808e-10
2.7959999999999137,0.04333331237465742,-1.0821451890819365e-10
2.7979999999999134,0.04333331237444384,-1.0679115613814287e-10
2.7999999999999132,0.04333331237423307,-1.053865142713716e-10
2.801999999999913,0.04333331237402507,-1.0400034521077375e-10
2.803999999999913,0.0433333123738198,-1.0263240639827478e-10
2.8059999999999126,0.04333331237361723,-1.0128245878598022e-10
2.8079999999999123,0.04333331237341733,-9.995026682902557e-11
2.809999999999912,0.04333331237322006,-9.863559749655226e-11
2.811999999999912,0.04333331237302538,-9.733821979712737e-11
2.8139999999999117,0.04333331237283326,-9.605790472149323e-11
2.8159999999999115,0.04333331237264367,-9.47944347006166e-11
2.8179999999999112,0.04333331237245658,-9.354758145385785e-11
2.819999999999911,0.04333331237227194,-9.231712800325726e-11
2.821999999999911,0.04333331237208973,-9.110285637990257e-11
2.8239999999999106,0.043333312371909925,-8.990455862645229e-11
2.8259999999999104,0.043333312371732484,-8.872202409174951e-11
2.82799999999991,0.043333312371557374,-8.755505075480229e-11
2.82999999999991,0.04333331237138457,-8.640342196471496e-11
2.8319999999999097,0.04333331237121403,-8.526694099332926e-11
2.8339999999999095,0.04333331237104574,-8.414540695437004e-11
2.8359999999999093,0.043333312370879666,-8.303862509288404e-11
2.837999999999909,0.043333312370715776,-8.194640595554378e-11
2.839999999999909,0.04333331237055404,-8.08685542298611e-11
2.8419999999999086,0.04333331237039443,-7.980487968248075e-11
2.8439999999999084,0.043333312370236916,-7.8755197183593e-11
2.845999999999908,0.04333331237008148,-7.771932476029087e-11
2.847999999999908,0.04333331236992809,-7.669707284065272e-11
2.8499999999999077,0.04333331236977671,-7.568826699141526e-11
2.8519999999999075,0.04333331236962732,-7.469272375700789e-11
2.8539999999999073,0.0433333123694799,-7.371027301042468e-11
2.855999999999907,0.043333312369334416,-7.274074626038001e-11
2.857999999999907,0.04333331236919085,-7.178397437607923e-11
2.8599999999999066,0.04333331236904917,-7.083978934664756e-11
2.8619999999999064,0.04333331236890935,-6.990802341423523e-11
2.863999999999906,0.04333331236877137,-6.898850935399416e-11
2.865999999999906,0.04333331236863521,-6.808108987795304e-11
2.8679999999999057,0.04333331236850084,-6.718560658243697e-11
2.8699999999999055,0.04333331236836824,-6.630189917546059e-11
2.8719999999999053,0.04333331236823738,-6.542981697639076e-11
2.873999999999905,0.04333331236810824,-6.456920628611151e-11
2.875999999999905,0.0433333123679808,-6.371991095683664e-11
2.8779999999999046,0.04333331236785504,-6.288179382978758e-11
2.8799999999999044,0.04333331236773093,-6.205470168740556e-11
2.881999999999904,0.04333331236760845,-6.123848991575386e-11
2.883999999999904,0.04333331236748758,-6.043300908169285e-11
2.8859999999999038,0.0433333123673683,-5.963811698582071e-11
2.8879999999999035,0.0433333123672506,-5.885367795241026e-11
2.8899999999999033,0.04333331236713444,-5.807956094242322e-11
2.891999999999903,0.04333331236701981,-5.731563802273921e-11
2.893999999999903,0.043333312366906684,-5.656175362765507e-11
2.8959999999999027,0.04333331236679505,-5.581779204602422e-11
2.8979999999999024,0.04333331236668488,-5.508361745915342e-11
2.899999999999902,0.043333312366576164,-5.4359098384285646e-11
2.901999999999902,0.043333312366468875,-5.364410783930894e-11
2.9039999999999018,0.043333312366363,-5.293851102221045e-11
2.9059999999999016,0.043333312366258515,-5.2242209393619266e-11
2.9079999999999013,0.0433333123661554,-5.1555059761851844e-11
2.909999999999901,0.04333331236605365,-5.0876945966165836e-11
2.911999999999901,0.04333331236595324,-5.020775345405811e-11
2.9139999999999007,0.043333312365854144,-4.954736766670572e-11
2.9159999999999004,0.043333312365756355,-4.8895664863407684e-11
2.9179999999999002,0.04333331236565985,-4.8252533519356524e-11
2.9199999999999,0.04333331236556461,-4.761786284283755e-11
2.9219999999999,0.04333331236547063,-4.6991541981357503e-11
2.9239999999998996,0.043333312365377886,-4.6373459705376785e-11
2.9259999999998993,0.04333331236528636,-4.57635051349685e-11
2.927999999999899,0.04333331236519604,-4.5161577833794944e-11
2.929999999999899,0.0433333123651069,-4.456756486219289e-11
2.9319999999998987,0.04333331236501894,-4.398136378517293e-11
2.9339999999998985,0.04333331236493213,-4.3402871184912455e-11
2.9359999999998982,0.04333331236484647,-4.283198219080731e-11
2.937999999999898,0.043333312364761935,-4.226861107366899e-11
2.939999999999898,0.04333331236467851,-4.171264732015608e-11
2.9419999999998976,0.04333331236459618,-4.116400062354785e-11
2.9439999999998974,0.04333331236451493,-4.062256626158433e-11
2.945999999999897,0.04333331236443475,-4.0088249448666485e-11
2.947999999999897,0.04333331236435563,-3.956095198912871e-11
2.9499999999998967,0.043333312364277544,-3.904059389640387e-11
2.9519999999998965,0.04333331236420049,-3.8527079475685846e-11
2.9539999999998963,0.043333312364124445,-3.8020320281452784e-11
2.955999999999896,0.04333331236404941,-3.7520223916753484e-11
2.957999999999896,0.043333312363975356,-3.702670461137005e-11
2.9599999999998956,0.043333312363902275,-3.653968262634168e-11
2.9619999999998954,0.04333331236383016,-3.605907197221915e-11
2.963999999999895,0.04333331236375899,-3.558478224447999e-11
2.965999999999895,0.04333331236368875,-3.511672961695632e-11
2.9679999999998947,0.04333331236361944,-3.4654825112293514e-11
2.9699999999998945,0.04333331236355104,-3.4198996549794284e-11
2.9719999999998943,0.04333331236348354,-3.374916439920649e-11
2.973999999999894,0.04333331236341693,-3.3305243495872876e-11
2.975999999999894,0.043333312363351195,-3.286716442431232e-11
2.9779999999998936,0.04333331236328632,-3.243484989748649e-11
2.9799999999998934,0.043333312363222305,-3.2008227058206004e-11
2.981999999999893,0.043333312363159134,-3.158721549968996e-11
2.983999999999893,0.04333331236309679,-3.1171739833934325e-11
2.9859999999998927,0.04333331236303527,-3.0761728416553643e-11
2.9879999999998925,0.04333331236297455,-3.035711231234009e-11
2.9899999999998923,0.043333312362914635,-2.995781527934752e-11
2.991999999999892,0.04333331236285551,-2.9563774812684247e-11
2.993999999999892,0.04333331236279716,-2.917491988684041e-11
2.9959999999998916,0.04333331236273958,-2.8791171580940197e-11
2.9979999999998914,0.04333331236268276,-2.8412476360073856e-11
2.999999999999891,0.04333331236262668,-2.803876981992716e-11
